ID,Name,SubName,State,TotalPeople,Murder,NegligentManslaughter,ForcibleSexOffense,NonforcibleSexOffense,Robbery,AggravatedAssault,Burglary,VehicleTheft,Arson,TotalCrime,
162928001,Johns Hopkins University,JHU HOMEWOOD CAMPUS -  Baltimore,MD,19682,0,0,0,0,0,0,5,0,0,5,
162928002,Johns Hopkins University,Johns Hopkins Medical Institutions,MD,19682,0,0,1,0,0,1,0,0,0,2,
222062004,Walters State Community College, Claiborne County Extension,TN,5825,0,0,0,0,0,0,0,0,0,0,
190673001,CUNY Queensborough Community College,Queensborough Community College,NY,0,0,0,1,0,0,0,0,0,0,1,
133553001,Embry Riddle Aeronautical University-Daytona Beach,Daytona Beach - FL Campus,FL,120,0,0,1,0,0,1,25,4,0,31,
222062002,Walters State Community College, Greene County Campus,TN,5825,0,0,0,0,0,0,0,0,0,0,
106245001,University of Arkansas at Little Rock,University of Arkansas -  Little Rock,AR,12135,0,0,0,0,1,0,17,6,0,24,
126119001,Yuba College,Yuba College - Marysville,CA,9903,0,0,0,0,0,1,2,1,1,5,
110608001,California State University-Northridge,California State University -  Northridge,CA,35446,0,0,12,2,5,6,30,12,0,67,
110510001,California State University-San Bernardino,California State University -  San Bernardino,CA,17066,0,0,2,2,2,2,28,12,0,48,
228316001,Southwest Texas Junior College,SWTJC Main Campus,TX,0,0,0,0,0,0,0,2,0,0,2,
102553001,University of Alaska Anchorage,Anchorage Campus,AK,16463,0,0,1,0,1,2,3,4,1,12,
102553003,University of Alaska Anchorage,Kenai River Campus,AK,16463,0,0,0,0,0,0,0,0,0,0,
102614001,University of Alaska Fairbanks,University of Alaska Fairbanks,AK,8618,0,0,2,0,0,0,24,0,0,26,
102614002,University of Alaska Fairbanks,Kuskokwim rural campus,AK,8618,0,0,1,0,0,0,2,0,0,3,
100654001,Alabama A & M University,Main Campus,AL,5706,0,0,0,0,11,2,60,0,1,74,
100663001,University of Alabama at Birmingham,Main Campus,AL,16246,0,0,0,0,3,3,2,9,1,18,
100706001,University of Alabama in Huntsville,Main Campus,AL,7264,0,0,5,1,0,0,12,0,0,18,
100724001,Alabama State University,Main Campus,AL,0,0,0,2,0,8,3,13,2,5,33,
100751001,The University of Alabama,Main Campus,AL,25544,0,1,2,0,2,0,151,3,2,161,
100830001,Auburn University-Montgomery,Auburn University Montgomery,AL,0,0,0,1,0,1,0,15,6,0,23,
100858001,Auburn University Main Campus,Main Campus,AL,24137,0,0,3,0,0,1,42,6,0,52,
101240001,Gadsden State Community College,Gadsden State Community College,AL,5514,0,0,0,0,1,0,0,0,0,1,
101295001,George C Wallace State Community College-Hanceville,Main Campus,AL,5247,0,0,0,0,0,0,3,0,0,3,
101480001,Jacksonville State University,Main Campus,AL,9077,0,0,0,0,1,2,34,2,1,40,
101505001,Jefferson State Community College,Jefferson,AL,7944,0,0,0,0,0,0,1,0,0,1,
101879001,University of North Alabama,Main Campus,AL,4663,0,0,3,0,1,0,31,0,2,37,
102094001,University of South Alabama,Main Campus,AL,13779,0,0,3,0,0,7,36,7,0,53,
102368001,Troy University,Troy Campus,AL,0,0,0,1,0,2,0,29,0,0,32,
102368004,Troy University,Dothan Campus,AL,0,0,0,0,0,0,0,0,0,0,0,
106397001,University of Arkansas Main Campus,Main Campus,AR,18648,0,0,4,0,0,3,61,2,0,70,
106458001,Arkansas State University-Main Campus,Jonesboro,AR,11130,0,0,1,0,0,2,47,3,0,53,
106467001,Arkansas Tech University,Main Campus,AR,7476,0,0,1,0,0,1,13,0,0,15,
106704001,University of Central Arkansas,Main Campus,AR,12619,0,0,1,0,0,4,39,6,1,51,
107044001,Harding University,Main Campus,AR,6139,0,0,0,0,0,0,31,1,0,32,
107664001,Pulaski Technical College,Main Campus,AR,8768,0,0,0,0,2,1,3,0,0,6,
108092001,University of Arkansas-Fort Smith,Main Campus,AR,0,0,0,2,0,0,1,9,0,0,12,
201104003,Ashland University,Elyria Program Center,Ashland University,OH,6493,0,0,0,0,0,0,0,1,0,
104151001,Arizona State University at the Tempe Campus,Tempe Campus,AZ,0,0,0,6,0,5,16,119,67,4,217,
104160001,Arizona Western College,Main Campus,AZ,6953,0,0,0,0,0,2,14,0,0,16,
104179001,University of Arizona,Main Campus,AZ,37217,1,0,8,0,0,1,43,0,0,53,
104346001,Central Arizona College,Main Campus-Signal Peak,AZ,4951,0,0,0,0,0,1,18,1,0,20,
104346003,Central Arizona College,SUPERSTITION MOUNTAIN CAMPUS,AZ,4951,0,0,0,0,0,1,0,0,0,1,
104708001,Glendale Community College,Main Campus,AZ,18444,0,0,0,0,0,2,0,12,0,14,
104717001,Grand Canyon University,Grand Canyon University,AZ,13415,0,0,0,0,0,1,10,1,0,12,
105145001,Gateway Community College,Main Campus,AZ,6874,0,0,0,0,0,0,2,4,0,6,
105154001,Mesa Community College,Mesa Community College,AZ,0,0,0,0,0,0,0,1,8,0,9,
105330001,Northern Arizona University,Main Campus,AZ,21347,0,0,8,0,1,9,58,8,2,86,
105428001,Phoenix College,Main Campus,AZ,0,0,0,0,0,0,1,18,8,0,27,
105525001,Pima Community College,West Campus,AZ,32982,0,0,0,0,1,0,2,3,0,6,
105525005,Pima Community College,East Campus,AZ,32982,0,0,0,0,0,0,1,2,0,3,
105747001,Scottsdale Community College,Main Campus,AZ,0,0,0,0,0,1,0,2,0,0,3,
364016001,Paradise Valley Community College,Main Campus,AZ,0,0,0,0,0,0,0,2,4,0,6,
364025001,Chandler/Gilbert Community College,Pecos Campus,AZ,10277,0,0,0,0,0,0,4,0,0,4,
364025002,Chandler/Gilbert Community College,CGCC/Williams Campus,AZ,10277,0,0,0,0,0,0,0,0,0,0,
108232001,Academy of Art University,Main Campus,CA,11334,0,0,4,0,1,4,22,0,0,31,
108667001,College of Alameda,Main Campus,CA,0,0,0,1,0,1,0,1,1,0,4,
109208001,American River College,Main Campus,CA,33821,0,0,2,0,1,0,3,12,0,18,
109350001,Antelope Valley College,Main Campus,CA,13312,0,0,1,0,1,3,10,1,1,17,
109785001,Azusa Pacific University,Azusa (main campus),CA,8084,0,0,1,0,0,2,38,6,0,47,
109785008,Azusa Pacific University,Murrieta Regional Center,CA,8084,0,0,0,0,0,0,1,0,0,1,
109785009,Azusa Pacific University,Ventura Regional Center,CA,8084,0,0,0,0,0,0,0,0,0,0,
109819001,Bakersfield College,Main Campus,CA,17405,0,0,0,0,0,1,2,11,0,14,
110097001,Biola University,Main Campus,CA,3968,0,0,0,0,0,0,4,1,0,5,
110246001,Butte College,Main Campus,CA,0,0,0,0,0,0,0,8,1,1,10,
110334001,Cabrillo College,Aptos Campus,CA,0,0,0,0,0,0,4,13,1,0,18,
110361001,California Baptist University,Main Campus,CA,0,0,0,0,0,2,0,5,5,0,12,
110422001,California Polytechnic State University-San Luis Obispo,Main Campus,CA,19777,0,0,5,0,1,0,7,6,5,24,
110486001,California State University-Bakersfield,Main Campus,CA,7700,0,0,0,0,1,2,27,9,0,39,
110495001,California State University-Stanislaus,CSU Stanislaus - Turlock,CA,8836,0,0,2,0,0,3,2,3,0,10,
110529001,California State Polytechnic University-Pomona,Main Campus,CA,21477,0,0,3,0,1,3,24,25,1,57,
110538001,California State University-Chico,Main Campus,CA,17034,0,0,2,0,2,2,16,4,1,27,
110547001,California State University-Dominguez Hills,California State University Dominguez Hills,CA,12082,0,0,2,0,3,5,18,22,0,50,
110556001,California State University-Fresno,Main Campus,CA,22383,0,0,1,0,1,10,58,17,0,87,
110565001,California State University-Fullerton,Main Campus,CA,37130,0,0,2,0,3,2,36,26,1,70,
110574001,California State University-East Bay,Main Campus,CA,13124,0,0,0,0,1,1,8,8,0,18,
110574002,California State University-East Bay,Contra Costa Campus,CA,13124,0,0,0,0,0,0,0,0,0,0,
110583001,California State University-Long Beach,Main Campus,CA,36868,0,0,4,0,2,2,15,28,0,51,
110592001,California State University-Los Angeles,Main Campus,CA,21051,0,0,2,0,1,3,23,34,0,63,
110617001,California State University-Sacramento,Sacramento State,CA,28829,0,0,4,1,0,1,42,18,1,67,
110635001,University of California-Berkeley,Main Campus,CA,34940,0,0,4,0,24,11,74,12,11,136,
110644001,University of California-Davis,Main Campus,CA,29796,0,0,41,0,8,4,72,5,2,132,
110644002,University of California-Davis,UC Davis Medical Center,CA,29796,0,0,7,3,9,2,42,13,2,78,
110653001,University of California-Irvine,Main Campus,CA,26483,0,0,4,0,1,0,41,16,0,62,
110653002,University of California-Irvine,UCI Medical Center,CA,26483,0,0,0,0,0,1,1,1,0,3,
110662001,University of California-Los Angeles,UCLA,CA,37476,0,0,13,0,5,7,163,21,1,210,
110671001,University of California-Riverside,Main Campus,CA,17187,0,0,7,0,7,2,46,19,9,90,
110680001,University of California-San Diego,Main Campus,CA,27020,0,0,2,0,2,2,55,33,4,98,
110705001,University of California-Santa Barbara,Main Campus,CA,21410,0,0,8,0,0,7,37,3,2,57,
110714001,University of California-Santa Cruz,Main Campus,CA,15825,0,0,3,0,1,4,34,5,7,54,
111434001,Canada College,Canada College,CA,5764,0,0,0,0,0,0,2,0,0,2,
111461001,College of the Canyons,College of the Canyons,CA,17493,0,0,1,0,0,0,2,0,0,3,
111887001,Cerritos College,Main Campus,CA,22273,0,0,0,0,2,1,5,16,0,24,
111920001,Chabot College,Chabot College Campus,CA,13229,0,0,0,0,2,0,1,16,1,20,
111939001,Chaffey College,Rancho Campus,CA,18736,0,0,0,0,1,1,15,2,0,19,
111948001,Chapman University,Main Campus,CA,6022,0,0,2,0,1,1,35,3,0,42,
112172001,Citrus College,Main Campus,CA,11467,0,0,0,0,1,6,2,4,0,13,
112190001,City College of San Francisco,City College of San Francisco,CA,0,0,0,0,0,0,3,10,4,0,17,
112686001,El Camino College-Compton Center,El Camino College Compton Center,CA,3641,0,0,0,0,3,1,7,3,1,15,
112826001,Contra Costa College,Main Campus,CA,0,0,0,0,0,12,2,0,14,0,28,
113096001,Cosumnes River College,Cosumnes River College,CA,12967,0,0,0,0,4,1,0,10,0,15,
113111001,Crafton Hills College,Main Campus,CA,0,0,0,2,0,0,0,9,0,0,11,
113193001,Cuesta College,Cuesta College,CA,0,0,0,0,0,0,1,3,1,0,5,
113218001,Cuyamaca College,Main Campus,CA,9358,0,0,0,0,0,0,1,1,0,2,
113236001,Cypress College,Main Campus,CA,0,0,0,0,0,1,0,13,13,0,27,
113333001,De Anza College,Main Campus,CA,24115,0,0,0,0,1,0,28,1,0,30,
113573001,College of the Desert,All Campuses,CA,8597,0,0,0,0,0,3,1,3,1,8,
113634001,Diablo Valley College,Main Campus,CA,0,0,0,0,0,2,0,5,6,1,14,
113856001,East Los Angeles College,East Los Angeles College,CA,0,0,0,1,0,0,0,13,23,0,37,
113980001,El Camino Community College District,Main Campus,CA,24895,0,0,1,0,3,2,2,30,1,39,
114266001,Evergreen Valley College,Evergreen Valley Community College,CA,8707,0,0,0,0,0,0,4,3,0,7,
114716001,Foothill College,Main Campus,CA,18132,0,0,0,0,0,0,5,0,0,5,
114789001,Fresno City College,Main Campus,CA,21624,0,0,2,0,2,3,8,18,1,34,
114859001,Fullerton College,FULLERTON COLLEGE,CA,0,0,0,2,0,2,4,36,8,0,52,
114938001,Gavilan College,Main Campus,CA,6049,0,0,0,0,0,1,1,0,0,2,
115001001,Glendale Community College,Main Campus,CA,16827,0,0,0,0,0,5,6,3,0,14,
115001002,Glendale Community College,Garfield Campus,CA,16827,0,0,0,0,0,0,1,3,0,4,
115126001,Golden West College,Golden West College,CA,13354,0,0,0,0,0,0,1,10,0,11,
115296001,Grossmont College,GROSSMONT COLLEGE,CA,17359,0,0,0,0,2,0,5,6,0,13,
115393001,Hartnell College,Main Campus,CA,0,0,0,0,0,0,0,4,0,0,4,
115755001,Humboldt State University,Main Campus,CA,7773,0,0,1,0,2,0,13,2,0,18,
115861001,Imperial Valley College,Main Campus,CA,8682,0,0,0,0,0,1,8,0,0,9,
116439001,Irvine Valley College,Irvine Valley College,CA,0,0,0,0,0,0,0,2,0,0,2,
117052001,Reedley College,Reedley College,CA,12158,0,0,0,0,0,0,4,0,1,5,
117052002,Reedley College,Madera Community College Center,CA,12158,0,0,0,0,0,0,1,0,0,1,
117052004,Reedley College,Oakhurst Center,CA,12158,0,0,0,0,0,0,1,0,0,1,
117052005,Reedley College,Willow International,CA,12158,0,0,0,0,0,0,0,1,0,1,
117140001,University of La Verne,MAIN CAMPUS,CA,0,0,0,0,0,0,0,5,0,0,5,
117247001,Laney College,Main Campus,CA,0,0,0,0,0,1,2,9,9,0,21,
117645001,Long Beach City College,Liberal Arts Campus,CA,25244,0,0,0,0,0,1,6,18,0,25,
117645002,Long Beach City College,Pacific Coast Campus,CA,25244,0,0,0,0,0,0,3,1,0,4,
117690001,Los Angeles Harbor College,Harbor College,CA,0,0,0,1,0,0,0,4,3,0,8,
117706001,Los Angeles Pierce College,Pierce College,CA,0,0,0,0,0,1,4,7,5,1,18,
117715001,Los Angeles Southwest College,Southwest College,CA,0,0,0,1,0,7,0,1,9,0,18,
117724001,Los Angeles Trade Technical College,Trade Tech College,CA,0,0,0,0,0,5,0,12,5,1,23,
117733001,Los Angeles Valley College,Los Angeles Valley College,CA,0,0,0,0,0,2,0,5,4,0,11,
117788001,Los Angeles City College,Los Angeles City College,CA,0,0,0,0,0,2,2,8,2,0,14,
117894001,Los Medanos College,Main Campus,CA,0,0,0,0,0,0,1,0,1,0,2,
117946001,Loyola Marymount University,Main Campus,CA,8977,0,0,2,0,0,0,46,6,0,54,
118347001,College of Marin,Kentfield,CA,6476,0,0,0,0,0,0,2,0,1,3,
118718001,Merced College,Main Campus,CA,0,0,0,1,0,0,1,5,0,0,7,
118772001,Merritt College,Merrit Community College,CA,0,0,0,0,0,1,1,2,1,0,5,
118912001,Miracosta College,MiraCosta Community College District,CA,10682,0,0,0,0,0,0,11,1,0,12,
118930001,Mission College,Mission College,CA,0,0,0,0,0,0,0,2,2,0,4,
118976001,Modesto Junior College,MJC/East Campus,CA,0,0,0,0,0,0,0,5,4,1,10,
118976002,Modesto Junior College,MJC/West Campus and YCCD District Offices,CA,0,0,0,0,0,0,0,4,2,0,6,
119067001,Monterey Peninsula College,Main Campus,CA,9238,0,0,0,2,0,0,4,2,0,8,
119137001,Moorpark College,Main Campus,CA,0,0,0,0,0,0,0,10,0,0,10,
119164001,Mt San Antonio College,Main Campus,CA,29842,0,0,0,1,2,14,8,16,0,41,
119216001,Mt. San Jacinto Community College District,San Jacinto Campus,CA,0,0,0,1,0,0,0,2,4,0,7,
119216002,Mt. San Jacinto Community College District,Menifee Valley Campus,CA,0,0,0,1,0,0,0,0,4,0,5,
119331001,Napa Valley College,Main Campus,CA,7169,0,0,0,0,0,0,0,2,0,2,
120342001,Orange Coast College,Main Campus,CA,24424,0,0,0,0,1,2,9,8,1,21,
120421001,Oxnard College,Main Campus,CA,0,0,0,0,0,0,0,2,3,2,7,
120883001,University of the Pacific,Main Campus,CA,6235,0,0,4,0,0,0,42,6,2,54,
120971001,Palomar College,Main Campus,CA,27222,0,0,0,0,0,0,3,13,0,16,
121044001,Pasadena City College,Pasadena City College - Main Campus,CA,26672,0,0,1,0,3,1,0,0,3,8,
121150001,Pepperdine University,Malibu - Main Campus,CA,7582,0,0,0,0,0,0,46,0,0,46,
121619001,Santa Ana College,Santa Ana College,CA,33514,0,0,0,0,0,0,2,4,0,6,
121691001,University of Redlands,Main Campus,CA,4188,0,0,1,0,0,0,38,11,0,50,
121691006,University of Redlands,Torrance Regional Center,CA,4188,0,0,0,0,0,0,0,0,0,0,
121886001,Rio Hondo College,Main Campus,CA,21041,0,0,1,0,1,0,4,8,0,14,
121901001,Riverside Community College,Riverside Community College District Riverside Campus,CA,30961,0,0,0,1,0,1,2,4,0,8,
122180001,Sacramento City College,Main Campus,CA,24596,0,0,1,0,2,2,0,8,2,15,
122205001,Saddleback College,Main Campus,CA,18371,0,0,1,0,0,0,1,0,0,2,
122339001,San Diego City College,Main Campus,CA,0,0,0,0,0,0,0,5,2,0,7,
122375001,San Diego Mesa College,Main Campus,CA,0,0,0,0,0,0,0,3,13,0,16,
122384001,San Diego Miramar College,Main Campus,CA,0,0,0,0,0,0,0,0,0,0,0,
122409001,San Diego State University,Main Campus,CA,35695,0,0,10,0,4,20,61,105,1,201,
122436001,University of San Diego,UNIVERSITY OF SAN DIEGO,CA,7504,0,0,1,0,0,0,62,9,0,72,
122597001,San Francisco State University,Main Campus,CA,30125,0,0,9,0,1,1,45,13,1,70,
122612001,University of San Francisco,Main Campus (San Francisco),CA,8714,0,0,1,0,0,1,68,2,2,74,
122658001,San Joaquin Delta College,Main Campus,CA,0,0,0,2,0,6,0,7,6,0,21,
122658002,San Joaquin Delta College,Manteca Center Farm,CA,0,0,0,0,0,0,0,2,0,0,2,
122746001,San Jose City College,San Jose City College,CA,9805,0,0,0,0,0,0,7,3,0,10,
122755001,San Jose State University,Main Campus,CA,31906,0,0,4,0,5,2,34,2,3,50,
122791001,College of San Mateo,College of San Mateo,CA,10516,0,0,0,0,0,0,7,0,0,7,
122889001,Santa Barbara City College,Main Campus,CA,0,0,0,1,0,0,0,2,0,0,3,
122931001,Santa Clara University,Main Campus - Santa Clara University,CA,0,0,0,2,0,0,2,16,7,0,27,
122977001,Santa Monica College,Main Campus,CA,28958,0,0,0,0,2,5,15,1,0,23,
123013001,Santa Rosa Junior College,Santa Rosa Campus,CA,0,0,0,3,0,0,0,9,5,0,17,
123217001,College of the Sequoias,College of the Sequoias,CA,11697,0,0,0,0,0,0,33,3,0,36,
123299001,Shasta College,Main Campus,CA,9102,0,0,1,0,0,2,0,0,0,3,
123341001,Sierra College,Rocklin Campus,CA,18859,0,0,0,0,0,0,7,1,0,8,
123341002,Sierra College,Nevada County Campus,CA,18859,0,0,0,0,0,0,1,1,0,2,
123509001,Skyline College,Skyline College,CA,8359,0,0,0,0,1,0,2,4,0,7,
123527001,San Bernardino Valley College,San Bernardino Valley College,CA,0,0,0,2,0,2,0,24,12,0,40,
123563001,Solano Community College,Main Campus-Fairfield,CA,11163,0,0,0,0,0,1,0,4,0,5,
123572001,Sonoma State University,Main Campus,CA,8770,0,0,4,0,2,2,17,0,0,25,
123800001,Southwestern College,SOUTHWESTERN COLLEGE Main Campus,CA,20153,0,0,0,0,1,0,25,12,0,38,
123961001,University of Southern California,University Park Campus,CA,0,0,0,0,0,22,6,43,12,3,86,
123961002,University of Southern California,Health Sciences Campus,CA,0,0,0,0,0,0,0,4,5,0,9,
125028001,Ventura College,Main Campus,CA,0,0,0,0,0,1,0,19,5,0,25,
125091001,Victor Valley College,Victor Valley College,CA,0,0,0,1,0,0,1,17,1,0,20,
125170001,Berkeley City College,Main Campus,CA,0,0,0,0,0,0,0,0,0,0,0,
125471001,West Los Angeles College,West Los Angeles College,CA,0,0,0,0,0,1,0,4,3,0,8,
125499001,West Valley College,WEST VALLEY COLLEGE,CA,0,0,0,0,0,0,0,3,1,0,4,
126119003,Yuba College,Clear Lake Center,CA,9903,0,0,0,0,0,0,0,1,0,1,
243744001,Stanford University,Main Campus,CA,0,0,0,12,0,5,10,137,34,6,204,
366401001,Las Positas College,Main Campus,CA,8024,0,0,1,0,0,0,1,0,0,2,
366711001,California State University-San Marcos,Main Campus,CA,9159,0,0,0,0,0,0,8,3,0,11,
399212001,Santiago Canyon College,Santiago Canyon College,CA,14085,0,0,0,0,0,0,0,0,0,0,
409698001,California State University-Monterey Bay,Main Campus,CA,4080,1,0,2,1,0,1,33,9,1,48,
441937001,California State University-Channel Islands,California State University Channel Islands,CA,3599,0,0,2,0,0,0,3,0,0,5,
445188001,University of California-Merced,Main Campus,CA,1871,0,0,0,0,0,0,1,0,0,1,
126207001,Aims Community College,Main Campus,CO,0,0,0,0,0,0,0,1,0,0,1,
126289001,Arapahoe Community College,Arapahoe Community College,CO,0,0,0,0,0,0,0,1,0,0,1,
126562001,University of Colorado Denver,University of Colorado Denver - Downtown,CO,0,0,0,1,0,3,2,45,9,1,61,
126562003,University of Colorado Denver,UCDHSC - Anschutz Medical Campus,CO,0,0,0,0,0,0,0,23,0,0,23,
126580001,University of Colorado at Colorado Springs,University of Colorado at Colorado Springs,CO,8660,0,0,3,0,0,1,14,1,0,19,
126614001,University of Colorado at Boulder,Main Campus,CO,0,0,0,8,0,2,7,54,5,7,83,
126669001,Colorado Christian University,Main Campus,CO,2151,0,0,0,0,0,0,0,1,0,1,
126711001,Colorado Mountain College,Main Campus,CO,0,0,0,0,0,0,0,0,0,0,0,
126775001,Colorado School of Mines,main campus,CO,0,0,0,0,0,0,1,6,0,1,8,
126818001,Colorado State University,Main Campus,CO,16855,0,0,4,0,2,1,14,7,3,31,
126942001,Community College of Denver,CCD Auraria,CO,0,0,0,1,0,2,2,43,9,1,58,
127060001,University of Denver,University Park Campus,CO,0,0,0,3,0,1,1,76,5,0,86,
127200001,Front Range Community College,Westminster Campus,CO,0,0,0,0,0,0,0,0,0,0,0,
127200003,Front Range Community College,Boulder County Campus,CO,0,0,0,0,0,0,0,0,0,0,0,
127556001,Mesa State College,Mesa State - Main Campus,CO,0,0,0,2,0,0,0,5,5,0,12,
127565001,Metropolitan State College of Denver,Main Campus,CO,0,0,0,1,0,2,2,43,9,1,58,
127741001,University of Northern Colorado,Main Campus,CO,0,0,0,3,0,1,0,22,6,0,32,
127820001,Pikes Peak Community College,Centennial Campus,CO,0,0,0,0,0,0,1,5,0,1,7,
127884001,Pueblo Community College,Main Campus,CO,4988,0,0,0,0,0,0,0,2,0,2,
127909001,Red Rocks Community College,Red Rocks Community College,CO,0,0,0,0,0,0,0,0,0,0,0,
127918001,Regis University,Main Campus,CO,11238,0,0,1,0,0,1,9,2,1,14,
128106001,Colorado State University-Pueblo,Colorado State University Pueblo,CO,0,0,0,3,0,0,1,5,0,1,10,
128744001,University of Bridgeport,Main Campus,CT,4752,0,0,4,0,1,3,16,1,0,25,
128771001,Central Connecticut State University,Main Campus,CT,12106,0,0,4,0,0,0,6,0,0,10,
129020001,University of Connecticut,Main Campus,CT,23692,0,0,3,0,3,5,39,5,3,58,
129215001,Eastern Connecticut State University,Eastern Connecticut State University,CT,5137,0,0,0,0,1,0,5,5,0,11,
129242001,Fairfield University,Main Campus,CT,5024,0,0,1,0,0,5,26,0,0,32,
129525001,University of Hartford,Main Campus,CT,7290,0,0,7,0,2,2,74,5,0,90,
129543001,Housatonic Community College,Main Campus,CT,4475,0,0,0,0,0,0,0,0,0,0,
129941001,University of New Haven,Main Campus,CT,4774,0,0,2,0,1,1,29,1,0,34,
130004001,Norwalk Community College,Norwalk Community College (Main Campus),CT,6231,0,0,0,0,0,0,0,0,0,0,
130183001,Post University,Main Campus,CT,1271,0,0,0,0,0,0,3,0,0,3,
130226001,Quinnipiac University,Main Campus,CT,7216,0,0,2,0,0,1,1,0,0,4,
130253001,Sacred Heart University,Main Campus,CT,5801,0,0,1,0,0,1,33,1,0,36,
130396001,Gateway Community College,LONG WHARF,CT,5965,0,0,0,0,0,0,0,1,0,1,
130493001,Southern Connecticut State University,Main Campus,CT,11930,0,0,1,0,0,0,7,2,0,10,
130776001,Western Connecticut State University,Mid Town Campus,CT,6211,0,0,2,0,0,0,20,1,0,23,
130776002,Western Connecticut State University,West Side Campus,CT,6211,0,0,1,0,0,0,18,0,0,19,
130794001,Yale University,Main Campus,CT,11454,0,0,8,0,1,0,103,10,1,123,
131159001,American University,Main Campus,DC,11449,0,0,2,0,6,2,19,1,1,31,
131283001,Catholic University of America,The Catholic University of America,DC,6440,0,0,1,0,1,0,16,7,0,25,
131469001,George Washington University,Main Campus,DC,25078,0,0,5,0,0,0,147,3,1,156,
131469002,George Washington University,Mount Vernon Campus,DC,25078,0,0,0,0,0,0,9,0,0,9,
131496001,Georgetown University,Georgetown University Main Campus,DC,0,0,0,6,0,0,1,20,0,1,28,
131496002,Georgetown University,Georgetown University Law Center,DC,0,0,0,0,0,0,0,1,0,0,1,
131520001,Howard University,HOWARD UNIVERSITY MAIN CAMPUS,DC,10125,0,0,1,0,11,8,49,12,0,81,
130916002,Delaware Technical and Community College-Stanton-Wilmington,Wilmington Campus,DE,7519,0,0,0,0,0,0,0,0,0,0,
130943001,University of Delaware,Main Campus,DE,20342,0,0,5,0,5,3,36,0,0,49,
131113004,Wilmington University,Georgetown,DE,8353,0,0,0,0,0,0,0,0,0,0,
132471001,Barry University,Main Campus,FL,0,0,0,0,0,0,1,6,3,0,10,
132693002,Brevard Community College,Brevard Community College-Melbourne Campus,FL,14496,0,0,0,0,0,3,0,0,2,5,
132693003,Brevard Community College,Brevard Community College-Titusville Campus,FL,14496,0,0,0,0,0,0,0,0,0,0,
132693004,Brevard Community College,Brevard Community College-Palm Bay Campus,FL,14496,0,0,0,0,0,0,0,0,0,0,
132709001,Broward Community College,Central Campus,FL,31730,0,0,0,0,1,2,24,14,0,41,
132709002,Broward Community College,North Campus,FL,31730,0,0,0,0,0,0,13,2,0,15,
132709003,Broward Community College,South Campus,FL,31730,0,0,1,0,2,0,30,0,0,33,
132709004,Broward Community College,Willis Holcombe Center,FL,31730,0,0,0,0,0,1,1,0,0,2,
132903001,University of Central Florida,Main Campus,FL,48398,0,0,3,0,1,4,43,19,0,70,
133386001,Daytona Beach Community College,Daytona State College Daytona Beach Campus,FL,13675,0,0,0,0,0,0,1,6,0,7,
133386005,Daytona Beach Community College,DeLand Campus,FL,13675,0,0,0,0,0,0,0,0,0,0,
133508001,Edison College,Main Campus,FL,11369,0,0,0,0,0,0,2,3,0,5,
133650001,Florida Agricultural and Mechanical University,Main Campus,FL,11562,0,0,1,0,2,0,18,4,0,25,
133669001,Florida Atlantic University,Boca Raton,FL,26193,0,0,7,0,2,3,44,18,0,74,
133669003,Florida Atlantic University,MacArthur Campus,FL,26193,0,0,0,0,0,0,2,1,0,3,
133702003,Florida Community College at Jacksonville,Kent,FL,24939,0,0,1,0,0,1,0,1,0,3,
133702005,Florida Community College at Jacksonville,South,FL,24939,1,0,0,0,0,4,4,1,0,10,
133881001,Florida Institute of Technology,Main Campus,FL,5118,0,0,0,0,0,2,3,4,0,9,
133951001,Florida International University,University Park Campus,FL,38182,0,0,3,0,5,6,90,31,1,136,
133997002,Florida Career College,Pembroke Pines Campus,FL,0,0,0,0,0,0,0,0,0,0,0,
133997004,Florida Career College,Hialeah Campus,FL,0,0,0,0,0,0,0,1,0,0,1,
133997005,Florida Career College,Lauderdale Lakes Campus,FL,0,0,0,0,0,0,0,0,0,0,0,
134097001,Florida State University,Main Campus,FL,40555,0,0,10,0,8,3,69,20,3,113,
134130001,University of Florida,University of Florida,FL,51725,0,0,2,0,3,3,13,0,0,21,
134237001,Full Sail Real World Education,Main Campus,FL,0,0,0,0,0,0,0,7,3,0,10,
134495001,Hillsborough Community College,Dale Mabry Campus,FL,22621,0,0,0,0,0,0,4,1,0,5,
134495003,Hillsborough Community College,Plant City Campus,FL,22621,0,0,0,0,0,0,0,0,0,0,
134608001,Indian River Community College,Main Campus,FL,14932,0,0,0,0,0,0,2,0,0,2,
135081007,Keiser University-Ft. Lauderdale,KEISER UNIVERSITY- KENDALL,FL,11548,0,0,0,0,0,0,0,0,0,0,
135391001,Manatee Community College,Bradenton Campus,FL,9869,0,0,0,0,0,1,6,1,0,8,
135717001,Miami Dade College,Main-Wolfson,FL,54094,0,0,0,0,0,0,9,0,0,9,
135717002,Miami Dade College,North Campus,FL,54094,0,0,0,0,0,0,2,5,0,7,
135717003,Miami Dade College,Kendall Campus,FL,54094,0,0,0,0,1,0,0,12,0,13,
135717006,Miami Dade College,Homestead Campus,FL,54094,0,0,0,0,0,0,6,1,0,7,
135726001,University of Miami,Coral Gables Campus,FL,15449,0,0,2,0,3,3,29,4,0,41,
135726002,University of Miami,University of Miami - Medical Campus,FL,15449,0,0,0,0,0,2,5,1,0,8,
136172001,University of North Florida,Main Campus,FL,16406,0,0,0,0,3,1,20,1,0,25,
136215001,Nova Southeastern University,Main Campus,FL,27353,0,0,0,0,2,1,9,4,0,16,
136215003,Nova Southeastern University,Nova Southeastern University - North Miami Beach,FL,27353,0,0,0,0,2,0,0,0,0,2,
136358001,Palm Beach Community College,Main Campus,FL,22881,0,0,0,0,1,0,0,1,0,2,
136358003,Palm Beach Community College,Boca Raton Campus,FL,22881,0,0,0,0,0,0,0,0,0,0,
136358004,Palm Beach Community College,Palm Beach Gardens Campus,FL,22881,0,0,0,0,0,0,0,1,0,1,
136400001,Pasco-Hernando Community College,West Campus,FL,8065,0,0,0,0,0,0,0,0,0,0,
136400003,Pasco-Hernando Community College,North Campus,FL,8065,0,0,0,0,0,0,0,0,0,0,
136473001,Pensacola Junior College,Main Campus,FL,10728,0,0,0,0,1,3,10,2,0,16,
136516001,Polk Community College,Winter Haven Campus,FL,7757,0,0,0,0,0,0,0,0,0,0,
136516002,Polk Community College,Lakeland Campus,FL,7757,0,0,0,0,0,0,0,0,0,0,
137032001,Saint Leo University,Saint Leo University,FL,13788,0,0,0,0,0,4,10,1,0,15,
137078004,St Petersburg College,Health Education Center,FL,25450,0,0,0,0,0,0,1,0,0,1,
137078007,St Petersburg College,St. Pete/Gibbs Campus,FL,25450,0,0,0,0,0,0,0,0,0,0,
137078008,St Petersburg College,Tarpon Springs Campus,FL,25450,0,0,0,0,0,0,0,0,0,0,
137096001,Santa Fe Community College,Northwest Campus,FL,14824,0,0,0,0,1,0,1,0,0,2,
137209001,Seminole Community College,Sanford/Lake Mary,FL,12745,0,0,0,0,0,0,6,4,0,10,
137281003,Saint Johns River Community College,St. Augustine Campus,FL,5111,0,0,0,0,0,0,0,0,0,0,
137351001,University of South Florida,USF Tampa Campus,FL,44870,0,0,3,0,4,7,121,34,2,171,
137759001,Tallahassee Community College,Main Campus,FL,13776,0,0,0,0,1,2,2,1,0,6,
137847001,The University of Tampa,Main Campus,FL,5628,0,0,5,0,0,0,36,5,0,46,
138187002,Valencia Community College,West Campus,FL,32870,0,0,0,0,0,0,0,0,0,0,
138187003,Valencia Community College,East Campus,FL,32870,0,0,0,0,0,0,0,4,0,4,
138354001,The University of West Florida,Main Campus,FL,10358,0,0,1,0,0,1,8,4,0,14,
390701001,Florida Metropolitan University-South Orlando,FMU - South Orlando,FL,0,0,0,0,0,0,0,1,0,0,1,
433660001,Florida Gulf Coast University,Main Campus,FL,9339,0,0,0,0,1,1,2,0,0,4,
138691001,Darton College,Main Campus,GA,4760,0,0,0,0,0,0,0,0,0,0,
138789001,Armstrong Atlantic State University,Armstrong Atlantic State University,GA,6848,0,0,0,0,0,0,14,1,0,15,
139278003,West Central Technical College,Murphy Campus,GA,3530,0,0,0,0,0,0,0,0,0,0,
139311001,Clayton State University,Clayton State University,GA,6043,0,0,0,0,0,0,0,2,0,2,
139366001,Columbus State University,Columbus State University,GA,7593,0,0,1,0,2,0,3,1,0,7,
139658001,Emory University,Main Campus,GA,12570,0,0,10,0,1,0,31,1,0,43,
139658002,Emory University,Oxford College Campus,GA,12570,0,0,0,0,0,0,4,0,0,4,
139658003,Emory University,Crawford Long Hospital Campus,GA,12570,0,0,2,0,2,0,0,0,0,4,
139658004,Emory University,Carter Center Campus,GA,12570,0,0,0,0,0,0,0,0,0,0,
139658005,Emory University,WEB/Steiner Building Campus,GA,12570,0,0,0,0,0,0,2,0,0,2,
139755001,Georgia Institute of Technology-Main Campus,Main Campus,GA,18742,0,0,2,0,1,2,46,44,0,95,
139861001,Georgia College & State University,Milledgeville Campus,GA,6249,0,0,0,0,0,0,1,0,0,1,
139931001,Georgia Southern University,Main Campus,GA,16841,0,0,2,0,1,1,19,3,1,27,
139940001,Georgia State University,Main Campus,GA,27134,0,0,2,0,9,4,12,2,0,29,
139959001,University of Georgia,Main Campus,GA,33831,0,0,1,0,0,9,17,9,0,36,
140012001,Gwinnett Technical College,Main Campus,GA,4789,0,0,0,0,0,0,0,0,0,0,
140164001,Kennesaw State University,Main Campus,GA,20607,0,0,1,0,0,0,69,4,0,74,
140447001,Mercer University,Macon Campus,GA,7308,0,0,0,0,2,0,11,0,1,14,
140447002,Mercer University,Atlanta Campus,GA,7308,0,0,0,0,0,1,1,0,0,2,
140951001,Savannah College of Art and Design,Main Campus,GA,8966,0,0,1,0,3,0,9,1,0,14,
140951003,Savannah College of Art and Design,Savannah College of Art and Design-Atlanta,GA,8966,0,0,0,0,0,0,2,1,0,3,
141264001,Valdosta State University,Main Campus,GA,11280,0,0,3,0,0,1,1,1,0,6,
141334001,University of West Georgia,Main Campus,GA,10677,0,0,3,0,0,1,34,2,4,44,
244437001,Georgia Perimeter College,Clarkston Campus,GA,21473,0,0,1,0,0,0,3,5,0,9,
244437003,Georgia Perimeter College,Decatur Campus,GA,21473,0,0,0,0,0,0,0,3,0,3,
141574001,University of Hawaii at Manoa,Manoa,HI,0,0,0,8,0,1,6,43,3,0,61,
141574002,University of Hawaii at Manoa,John A. Burns School of Medicine,HI,0,0,0,0,0,0,1,0,0,0,1,
141644001,Hawaii Pacific University,Main Campus,HI,0,0,0,0,0,0,1,0,0,0,1,
141644002,Hawaii Pacific University,Windward Hawaii Loa campus,HI,0,0,0,0,0,0,1,0,0,0,1,
141644003,Hawaii Pacific University,Oceanic Institute campus,HI,0,0,0,0,0,0,0,1,0,0,1,
141796001,Kapiolani Community College,University of Hawaii - Kapiolani Community College,HI,0,0,0,0,0,0,0,4,4,0,8,
141811001,Leeward Community College,Leeward Community College,HI,0,0,0,0,0,0,0,0,3,0,3,
153214001,Des Moines Area Community College,Des Moines Area Com. Col. - Ankeny Campus,IA,18320,0,0,0,0,0,0,1,0,0,1,
153214006,Des Moines Area Community College,Des Moines Area Com. Col. - Urban Campus,IA,18320,0,0,0,0,0,0,0,0,0,0,
153269001,Drake University,Main Campus,IA,5617,0,0,1,0,0,1,8,10,0,20,
153524001,Iowa Central Community College,Main Campus,IA,5731,0,0,0,0,0,0,4,0,0,4,
153603001,Iowa State University,Iowa State University,IA,26160,0,0,4,0,2,7,43,6,3,65,
153630001,Iowa Western Community College,Main Campus,IA,0,0,0,1,0,0,1,1,1,0,4,
153658001,University of Iowa,Main Campus,IA,29117,0,0,6,0,1,6,36,4,1,54,
154022001,Ashford University,Main Campus,IA,10568,0,0,2,0,0,0,1,0,0,3,
154095001,University of Northern Iowa,Main Campus,IA,12692,0,0,8,0,0,1,8,0,0,17,
154572001,Western Iowa Tech Community College,Sioux City Campus,IA,5191,0,0,0,0,0,0,0,0,0,0,
142115001,Boise State University,Main Campus,ID,0,0,0,7,0,0,0,17,3,1,28,
142276001,Idaho State University,ISU -- Pocatello Campus,ID,13208,0,0,4,0,0,0,1,1,0,6,
142285001,University of Idaho,Main Campus,ID,11636,0,0,4,0,1,0,10,0,0,15,
142443001,North Idaho College,Main Campus,ID,0,0,0,0,0,0,1,8,0,0,9,
142522001,Brigham Young University-Idaho,BYU-Idaho,ID,13824,0,0,0,0,0,0,3,1,2,6,
142559001,College of Southern Idaho,Main Campus,ID,7118,0,0,0,0,0,0,2,0,0,2,
143118001,Aurora University,Main Campus,IL,3946,0,0,0,0,1,0,1,0,0,2,
143215001,Southwestern Illinois College,Belleville Campus,IL,13713,0,0,1,0,0,1,5,0,1,8,
143215003,Southwestern Illinois College,Granite City Campus,IL,13713,0,0,0,0,0,0,0,1,0,1,
143279001,Black Hawk College,Moline Campus,IL,6311,0,0,0,0,0,0,0,0,0,0,
143279002,Black Hawk College,Kewanee Campus,IL,6311,0,0,0,0,0,0,0,0,0,0,
143358001,Bradley University,Main Campus,IL,6053,0,0,5,0,0,9,18,0,0,32,
144005001,Chicago State University,Main Campus,IL,6810,0,0,0,0,0,0,1,0,0,1,
144050001,University of Chicago,Main Campus,IL,14538,0,0,3,0,0,0,68,0,0,71,
144157001,City Colleges of Chicago-Kennedy-King College,Main Campus,IL,6140,0,0,1,0,1,3,4,4,0,13,
144166001,City Colleges of Chicago-Malcolm X College,Main Campus,IL,6031,0,0,0,0,0,0,0,0,0,0,
144184001,City Colleges of Chicago-Harry S Truman College,Main Campus,IL,11354,0,0,0,0,0,0,0,0,0,0,
144193001,City Colleges of Chicago-Richard J Daley College,Main Campus,IL,9679,0,0,0,0,0,0,0,0,0,0,
144193002,City Colleges of Chicago-Richard J Daley College,West Side Technical Institute,IL,9679,0,0,0,0,0,0,0,1,0,1,
144209001,City Colleges of Chicago-Harold Washington College,Main Campus,IL,8633,0,0,0,0,0,0,0,0,0,0,
144281001,Columbia College Chicago,Main Campus,IL,12021,0,0,0,0,0,1,30,0,1,32,
144351001,Concordia University,Main Campus,IL,4126,0,0,0,0,0,0,8,0,0,8,
144740001,DePaul University,Main Campus - Lincoln Park Campus,IL,23401,0,0,2,0,5,0,16,0,0,23,
144740002,DePaul University,Loop Campus,IL,23401,0,0,0,0,0,0,1,0,0,1,
144865001,College of DuPage,Main Campus,IL,25768,0,0,0,0,2,1,9,0,0,12,
144865008,College of DuPage,Carol Stream Community Education Center,IL,25768,0,0,0,0,0,0,0,0,0,0,
144892001,Eastern Illinois University,Main Campus,IL,12179,0,0,1,0,0,2,17,1,0,21,
144944001,Elgin Community College,Spartan Drive Campus,IL,9613,0,0,0,0,0,0,0,1,0,1,
145336001,Governors State University,Main Campus,IL,5692,0,0,0,0,0,0,0,0,0,0,
145600001,University of Illinois at Chicago,Main Campus,IL,25747,0,0,1,0,6,9,22,3,0,41,
145600003,University of Illinois at Chicago,UIC College of Medicine at Peoria,IL,25747,0,0,0,0,0,0,0,0,0,0,
145619001,Benedictine University,Main Campus,IL,4573,0,0,0,0,0,0,8,0,0,8,
145637001,University of Illinois at Urbana-Champaign,Main Campus,IL,42326,0,0,9,0,9,11,83,6,0,118,
145682001,Illinois Central College,Main Campus,IL,11804,0,0,0,0,0,0,14,0,0,14,
145682003,Illinois Central College,Peoria North,IL,11804,0,0,0,0,0,0,0,0,0,0,
145725001,Illinois Institute of Technology,Main Campus,IL,7277,0,0,2,0,13,8,23,12,0,58,
145725005,Illinois Institute of Technology,Institute of Design,IL,7277,0,0,0,0,0,0,0,0,0,0,
145813001,Illinois State University,Main Campus,IL,20274,0,0,2,0,1,3,39,0,4,49,
146472001,College of Lake County,Main Campus,IL,16010,0,0,0,0,0,0,4,0,0,4,
146472002,College of Lake County,Lakeshore Campus,IL,16010,0,0,0,0,0,0,0,0,0,0,
146603001,Lewis and Clark Community College,Main Campus,IL,7875,0,0,0,0,4,0,0,0,0,4,
146612001,Lewis University,Main Campus,IL,5327,0,0,1,0,0,0,3,0,0,4,
146685001,Lincoln Land Community College,Main Campus,IL,6655,0,0,0,0,0,2,1,0,0,3,
146719001,Loyola University Chicago,Main Campus,IL,15545,0,0,4,0,2,1,12,0,0,19,
146719002,Loyola University Chicago,Water Tower Campus,IL,15545,0,0,0,0,0,0,4,0,0,4,
147004001,McHenry County College,Main Campus,IL,5274,0,0,0,0,0,0,17,0,0,17,
147378001,Moraine Valley Community College,Moraine Valley Community College,IL,15859,0,0,0,0,0,0,0,0,0,0,
147703001,Northern Illinois University,Main Campus,IL,25254,0,0,17,0,2,7,66,0,0,92,
147767001,Northwestern University,Main Campus,IL,19005,0,0,5,0,1,1,109,2,1,119,
147767002,Northwestern University,Graduate,IL,19005,0,0,0,0,1,0,51,1,0,53,
147916001,Parkland College,Main Campus,IL,9407,0,0,0,0,0,0,4,0,0,4,
148487001,Roosevelt University,Chicago Campus,IL,7163,0,0,0,0,0,0,1,0,0,1,
148654001,University of Illinois at Springfield,University of Illinois at Springfield,IL,4855,0,0,3,0,0,2,6,1,0,12,
149222001,Southern Illinois University Carbondale,Southern Illinois University Carbondale,IL,20983,0,0,7,0,8,8,64,1,0,88,
149231001,Southern Illinois University Edwardsville,Main Campus,IL,13398,0,0,0,0,0,0,4,1,0,5,
149532001,Triton College,Main Campus,IL,15658,0,0,0,0,0,0,16,2,0,18,
149772001,Western Illinois University,Macomb Campus,IL,13331,0,0,6,0,1,4,38,1,2,52,
149842001,Harper College,Palatine Campus,IL,15156,0,0,0,0,0,4,11,0,0,15,
150136001,Ball State University,Main Campus,IN,19849,0,0,4,0,1,1,33,2,0,41,
150987001,Ivy Tech Community College-Central Indiana,Main Campus,IN,0,0,0,0,0,0,0,0,2,0,2,
151102001,Indiana University-Purdue University-Fort Wayne,Main Campus,IN,11943,0,0,1,0,0,1,11,1,0,14,
151111001,Indiana University-Purdue University-Indianapolis,Main Campus,IN,29854,0,0,1,0,0,6,93,11,0,111,
151111002,Indiana University-Purdue University-Indianapolis,Indiana University Purdue University Columbus,IN,29854,0,0,0,0,0,0,0,0,0,0,
151263001,University of Indianapolis,UNIVERSITY OF INDIANAPOLIS,IN,0,0,0,1,0,2,0,22,2,1,28,
151290001,Indiana Institute of Technology,INDIANA INSTITUTE OF TECHNOLOGY,IN,0,0,0,0,0,0,5,16,0,0,21,
151306001,University of Southern Indiana,Main Campus,IN,9939,0,0,0,0,0,1,6,0,1,8,
151324001,Indiana State University,Main Campus,IN,10543,0,0,3,0,0,1,44,1,0,49,
151342001,Indiana University-South Bend,Main Campus,IN,7517,0,0,0,0,0,0,12,6,0,18,
151351001,Indiana University-Bloomington,Indiana University - Bloomington Campus,IN,38990,0,0,8,0,5,9,75,13,0,110,
151360001,Indiana University-Northwest,Main Campus,IN,4790,0,0,0,0,0,0,0,0,0,0,
151801001,Indiana Wesleyan University,Main Campus,IN,0,0,0,0,0,0,0,12,0,0,12,
152080001,University of Notre Dame,Main Campus,IN,11733,0,0,7,0,0,2,37,5,0,51,
152248001,Purdue University-Calumet Campus,Main Campus,IN,9607,0,0,1,0,0,1,2,1,0,5,
152266001,Purdue University-North Central Campus,Main Campus,IN,3904,0,0,0,0,0,0,3,0,0,3,
152637001,Vincennes University,Main Campus,IN,10750,0,0,1,0,0,0,3,3,0,7,
243780001,Purdue University-Main Campus,Main Campus,IN,40534,0,0,9,0,2,1,72,4,0,88,
154697001,Barton County Community College,Barton County Community College,KS,3900,0,0,1,0,0,1,6,0,0,8,
154800001,Butler Community College,Main Campus,KS,8096,0,0,1,0,0,0,5,0,0,6,
155025001,Emporia State University,Emporia State University,KS,6354,0,0,1,0,0,1,4,0,0,6,
155061001,Fort Hays State University,Main Campus,KS,9588,0,0,0,0,0,1,16,0,0,17,
155195001,Hutchinson Community College,Main Campus,KS,0,0,0,0,0,0,1,1,0,1,3,
155210001,Johnson County Community College,Main Campus,KS,18897,0,0,0,0,0,7,12,1,0,20,
155292001,Kansas City Kansas Community College,KCKCC CAMPUS,KS,5801,0,0,0,0,0,0,5,2,0,7,
155317001,University of Kansas,Main Campus (Lawrence),KS,28569,0,0,6,0,0,2,65,4,1,78,
155317003,University of Kansas,Medical Center (Kansas City),KS,28569,0,0,2,0,2,0,0,8,0,12,
155399001,Kansas State University,Main Campus,KS,23332,0,0,8,0,1,4,34,0,0,47,
155399002,Kansas State University,Kansas State University at Salina,KS,23332,0,0,0,0,0,0,4,0,0,4,
155681001,Pittsburg State University,Pittsburg State University,KS,7087,0,0,6,0,0,0,2,0,6,14,
156082001,Washburn University,WASHBURN UNIVERSITY,KS,4084,0,0,5,0,0,0,17,0,0,22,
156125001,Wichita State University,Main Campus,KS,14226,0,0,1,0,2,1,10,5,1,20,
156541001,University of the Cumberlands,Main Campus,KY,2245,0,0,0,0,0,0,16,0,0,16,
156620001,Eastern Kentucky University,Main Campus,KY,15839,0,0,4,0,2,3,46,0,2,57,
156921001,Jefferson Community and Technical College,Main Campus,KY,0,0,0,0,0,0,0,0,1,0,1,
156921003,Jefferson Community and Technical College,Jefferson Technical Campus,KY,0,0,0,0,0,0,0,0,0,0,0,
157085001,University of Kentucky,University of KY,KY,25856,0,0,18,0,5,31,32,8,4,98,
157289001,University of Louisville,Main Campus,KY,20592,0,0,0,0,4,0,29,5,0,38,
157386001,Morehead State University,Main Campus,KY,0,0,0,5,0,0,10,18,0,1,34,
157401001,Murray State University,Main Campus,KY,10778,0,0,3,0,0,1,22,0,10,36,
157447001,Northern Kentucky University,Main Campus,KY,14785,0,0,3,0,2,0,6,0,2,13,
157483001,West Kentucky Community and Technical College,WEST KENTUCKY COM. & TECH. COLLEGE,KY,0,0,0,0,0,0,0,9,0,0,9,
157711001,Somerset Community College,Main Campus,KY,0,0,0,0,0,0,2,4,0,0,6,
157711003,Somerset Community College,Somerset Campus South,KY,0,0,0,0,0,0,0,4,0,0,4,
157951001,Western Kentucky University,Western Kentucky University - Main Campus,KY,19258,0,0,4,0,6,17,68,3,3,101,
158431001,Bossier Parish Community College,Main Campus,LA,0,0,0,0,0,0,0,0,0,0,0,
158662001,Delgado Community College,Main Campus,LA,13210,0,0,0,0,0,0,1,1,0,2,
159391001,Louisiana State University and Agricultural & Mechanical College,Main Campus,LA,28628,2,0,1,0,9,6,119,23,2,162,
159647001,Louisiana Tech University,Main Campus,LA,10564,0,0,0,0,2,1,20,4,2,29,
159717001,McNeese State University,Main Campus,LA,0,0,0,0,0,1,1,10,2,0,14,
159939001,University of New Orleans,Main Campus,LA,11363,0,0,0,0,1,1,0,5,0,7,5
159966001,Nicholls State University,Main Campus,LA,6864,0,0,1,0,0,5,3,1,0,10,2
159993001,University of Louisiana at Monroe,Main Campus,LA,8549,0,0,0,0,2,5,17,4,0,28,
160038001,Northwestern State University of Louisiana,Main Campus,LA,9037,0,0,1,0,0,0,8,0,0,9,
160612001,Southeastern Louisiana University,Main Campus,LA,14744,0,0,4,0,2,3,45,13,1,68,
160621001,Southern University and A & M College,SOUTHERN UNIVERSITY-BATON ROUGE,LA,8288,0,0,2,0,3,8,51,5,0,69,
160658001,University of Louisiana at Lafayette,UNIVERSITY OF LOUISIANA AT LAFAYETTE,LA,0,0,0,2,0,0,0,4,0,0,6,
160755001,Tulane University of Louisiana,Main Campus,LA,10125,0,0,3,0,1,20,64,6,0,94,
160755002,Tulane University of Louisiana,Tulane University Health Sciences Center Campus,LA,10125,0,0,0,0,0,9,13,1,0,23,
434061001,South Louisiana Community College,Main Campus,LA,0,0,0,0,0,0,0,0,0,0,0,
437103001,Baton Rouge Community College,Main Campus,LA,0,0,0,0,0,0,1,3,0,0,4,
164739001,Bentley College,Main Campus,MA,0,0,0,0,0,0,3,19,0,0,22,
164924001,Boston College,Main Campus,MA,14621,0,0,12,0,0,12,65,2,0,91,
164988001,Boston University,Boston University Charles River Campus,MA,32053,0,0,7,0,1,2,62,2,0,74,
164988002,Boston University,Boston University Medical Campus,MA,32053,0,0,0,0,1,0,5,0,0,6,
165015001,Brandeis University,Main Campus,MA,5333,0,0,0,0,0,1,12,0,0,13,
165024001,Bridgewater State College,Main Campus,MA,9934,0,0,1,0,0,5,49,0,0,55,
165033001,Bristol Community College,Main Campus,MA,7388,0,0,0,0,0,0,0,0,0,0,
165112001,Bunker Hill Community College,Main Campus,MA,8806,0,0,0,0,4,4,2,1,0,11,
165820001,Fitchburg State College,Main Campus,MA,6692,0,0,0,0,0,0,59,2,0,61,
165866001,Framingham State College,Main Campus,MA,5903,0,0,1,0,0,1,7,0,0,9,
166027001,Harvard University,Cambridge Campus,MA,25690,0,0,15,0,3,8,259,5,0,290,
166027002,Harvard University,Longwood Campus,MA,25690,0,0,0,0,0,0,42,0,0,42,
166133001,Holyoke Community College,Main Campus,MA,6461,0,0,0,0,0,0,0,4,0,4,
166513001,University of Massachusetts-Lowell,University of Massachusetts Lowell,MA,11635,0,0,4,0,5,10,47,7,1,74,
166629001,University of Massachusetts Amherst,Main Campus,MA,25873,0,0,9,0,4,8,62,6,1,90,
166638001,University of Massachusetts-Boston,Harbor Campus,MA,13433,0,0,0,0,1,0,33,0,0,34,
166647001,Massachusetts Bay Community College,Main Campus,MA,0,0,0,0,0,0,0,0,0,0,0,
166647002,Massachusetts Bay Community College,Framingham,MA,0,0,0,0,0,0,0,0,0,0,0,
166683001,Massachusetts Institute of Technology,Main Campus,MA,10220,0,0,2,0,0,5,197,10,1,215,
166823001,Massasoit Community College,Main Campus,MA,7064,0,0,0,0,0,1,1,0,0,2,
166887001,Middlesex Community College,BEDFORD,MA,8124,0,0,0,0,0,0,0,2,0,2,
166887002,Middlesex Community College,LOWELL,MA,8124,0,0,0,0,0,0,1,0,0,1,
167312002,North Shore Community College,Lynn Campus,MA,0,0,0,0,0,0,0,0,0,0,0,
167358001,Northeastern University,Main Campus,MA,24434,0,0,6,0,2,0,31,1,0,40,
167376001,Northern Essex Community College,Main Campus,MA,6526,0,0,0,0,0,0,0,0,0,0,
167534001,Quinsigamond Community College,Main Campus,MA,3618,0,0,1,0,0,0,0,0,0,1,
167729001,Salem State College,Salem State College,MA,10085,0,0,2,0,0,2,31,1,0,36,
167905001,Springfield Technical Community College,Main Campus,MA,0,0,0,1,0,4,0,2,0,0,7,
167987001,University of Massachusetts-Dartmouth,Main Campus,MA,0,0,0,2,0,4,11,68,0,1,86,
168005001,Suffolk University,Main Campus,MA,9103,0,0,1,0,0,0,1,0,0,2,
168148001,Tufts University,Medford/Somerville Campus,MA,9758,0,0,5,0,3,1,32,0,1,42,
168148002,Tufts University,Boston Campus,MA,9758,0,0,0,0,0,0,9,0,0,9,
168263001,Westfield State College,Main Campus,MA,5392,0,0,6,0,0,0,9,0,0,15,
168421001,Worcester Polytechnic Institute,Main Campus,MA,4158,0,0,0,0,0,1,1,1,0,3,
168430001,Worcester State College,Main Campus,MA,0,0,0,0,0,0,0,3,1,1,5,
161767001,Anne Arundel Community College,Anne Arundel Community College,MD,14834,0,0,0,0,0,0,0,0,0,0,
161864001,Baltimore City Community College,Liberty Campus,MD,6814,0,0,0,0,0,2,0,1,0,3,
161873001,University of Baltimore,Main Campus,MD,5421,0,0,0,0,2,0,5,2,0,9,
162007001,Bowie State University,Main Campus,MD,5404,0,0,0,0,5,8,46,6,2,67,
162122003,College of Southern Maryland,Prince Frederick Campus,MD,7741,0,0,0,0,0,0,0,0,0,0,
162584001,Frostburg State University,Main Campus,MD,4993,0,0,5,0,0,7,47,0,3,62,
162779001,Howard Community College,Howard Community College,MD,7523,0,0,0,0,0,0,1,3,0,4,
163046001,Loyola College in Maryland,Main Campus,MD,6028,0,0,0,0,1,0,2,3,0,6,
163259001,University of Maryland-Baltimore,Main Campus,MD,5884,0,0,0,0,1,0,1,0,0,2,
163268001,University of Maryland-Baltimore County,Main Campus,MD,12041,0,0,0,0,0,0,27,9,0,36,
163286001,University of Maryland-College Park,Main Campus,MD,35970,0,0,16,0,8,12,91,35,6,168,
163426001,Montgomery College,Montgomery College:Main Campus,MD,23866,0,0,0,0,1,0,20,0,0,21,
163426003,Montgomery College,Montgomery College:Germantown,MD,23866,0,0,1,0,0,0,3,0,0,4,
163453001,Morgan State University,Main Campus,MD,7208,0,0,0,0,10,1,27,1,0,39,
163657001,Prince George's Community College,Main Campus,MD,11861,0,0,0,0,4,1,0,12,0,17,
163851001,Salisbury University,Main Campus,MD,7581,0,0,4,0,1,1,15,2,0,23,
164076001,Towson University,Main Campus,MD,19758,0,0,4,0,0,13,53,1,2,73,
434672001,The Community College of Baltimore County,CCBC Catonsville Campus,MD,19426,0,0,0,0,0,2,0,1,0,3,
434672002,The Community College of Baltimore County,CCBC Essex Campus,MD,19426,0,0,0,0,0,0,0,0,0,0,
434672003,The Community College of Baltimore County,CCBC Dundalk Campus,MD,19426,0,0,0,0,0,0,0,0,0,0,
161253001,University of Maine,Main Campus,ME,11912,0,0,6,0,0,0,28,2,22,58,
161457001,University of New England,Main Campus,ME,3792,0,0,2,0,0,0,8,0,1,11,
161545001,Southern Maine Community College,Southern Maine Community College,ME,0,0,0,0,0,0,0,2,0,0,2,
161554001,University of Southern Maine,Gorham Campus,ME,10453,0,0,4,0,0,0,2,0,5,11,
161554002,University of Southern Maine,Portland Campus,ME,10453,0,0,0,0,0,0,1,0,0,1,
169248001,Central Michigan University,Main Campus,MI,26611,0,0,5,0,1,1,13,2,6,28,
169275001,Mott Community College,Main Campus,MI,10455,0,0,2,0,1,0,4,1,0,8,
169479001,Davenport University,Davenport University - Grand Rapids Main Campus,MI,11606,0,0,0,0,0,0,9,0,0,9,
169521001,Delta College,Delta College,MI,10406,0,0,1,0,0,1,2,0,0,4,
169798001,Eastern Michigan University,Eastern Michigan University,MI,22837,0,0,4,0,1,4,123,9,1,142,
169910001,Ferris State University,Main Campus,MI,13087,0,0,9,0,0,0,19,0,0,28,
170082001,Grand Valley State University,Allendale Campus,MI,23464,0,0,4,0,0,0,5,0,0,9,
170082002,Grand Valley State University,Pew Campus (Grand Rapids),MI,23464,0,0,0,0,0,0,1,0,0,1,
170240001,Henry Ford Community College,Main Campus,MI,13983,0,0,0,0,0,0,0,7,0,7,
170240002,Henry Ford Community College,Dearborn Heights Center,MI,13983,0,0,0,0,0,0,0,0,0,0,
170444001,Jackson Community College,Main Campus,MI,6173,0,0,0,0,0,0,8,1,0,9,
170541001,Kalamazoo Valley Community College,KALAMAZOO VALLEY COMMUNITY COLLEGE TEXAS TOWNSHIP,MI,11113,0,0,0,0,1,2,0,0,0,3,
170541002,Kalamazoo Valley Community College,KALAMAZOO VALLEY COMMUNITY COLLEGE ARCADIA COMMONS,MI,11113,0,0,0,0,2,1,0,0,0,3,
170657001,Lansing Community College,Lansing Community College,MI,19465,0,0,2,0,1,0,1,0,0,4,
170657002,Lansing Community College,West Campus,MI,19465,0,0,0,0,0,0,0,0,0,0,
170790001,Macomb Community College,South Campus (Main Campus),MI,22081,0,0,0,0,2,0,5,0,0,7,
170790002,Macomb Community College,Center Campus,MI,22081,0,0,0,0,0,0,2,0,0,2,
170976001,University of Michigan-Ann Arbor,Main Campus,MI,41042,0,0,9,0,4,18,35,4,5,75,
171100001,Michigan State University,Main Campus,MI,46045,0,0,18,0,11,10,122,9,1,171,
171128001,Michigan Technological University,Main Campus,MI,6744,0,0,1,0,0,0,13,1,0,15,
171137001,University of Michigan-Dearborn,Main Campus,MI,8336,0,0,0,0,0,0,1,8,0,9,
171146001,University of Michigan-Flint,Main Campus,MI,6883,0,0,0,0,1,0,7,7,1,16,
171456001,Northern Michigan University,Main Campus,MI,9358,0,0,10,0,1,1,34,2,1,49,
171535002,Oakland Community College,Southfield,MI,24532,0,0,0,0,0,0,1,2,0,3,
171535003,Oakland Community College,Royal Oak,MI,24532,0,0,1,0,0,0,2,1,0,4,
171571001,Oakland University,Main Campus,MI,18081,0,0,3,0,1,4,7,4,1,20,
172051001,Saginaw Valley State University,Saginaw Valley State University,MI,9662,0,0,1,0,0,1,42,0,0,44,
172200001,Schoolcraft College,Main Campus,MI,12148,0,0,0,0,0,0,0,3,0,3,
172200002,Schoolcraft College,Radcliff Center,MI,12148,0,0,0,0,0,0,0,0,0,0,
172635001,Wayne County Community College District,Main Campus,MI,20504,0,0,4,0,2,2,10,14,0,32,
172644001,Wayne State University,Main Campus,MI,32382,0,0,3,0,11,3,28,42,1,88,
172699001,Western Michigan University,Main Campus,MI,24433,0,0,6,2,4,8,24,7,4,55,
172699006,Western Michigan University,Muskegon Regional Center,MI,24433,0,0,0,0,0,0,0,0,0,0,
173559001,Minnesota State Community and Technical College,Main Campus - Fergus Falls,MN,6164,0,0,0,0,0,0,0,0,0,0,
173708001,Hennepin Technical College,Main campus,MN,5582,0,0,0,0,0,0,0,0,0,0,
173799001,Inver Hills Community College,Main Campus,MN,5736,0,0,1,0,0,0,0,0,0,1,
173920001,Minnesota State University-Mankato,Main Campus,MN,14515,0,0,3,1,0,0,13,0,4,21,
174020001,Metropolitan State University,Main Campus,MN,6802,0,0,0,0,0,0,3,0,0,3,
174066001,University of Minnesota-Twin Cities,Main Campus,MN,50883,0,0,12,0,7,5,272,7,3,306,
174136001,Minneapolis Community and Technical College,Main Campus,MN,9188,0,0,1,0,0,0,7,0,0,8,
174233001,University of Minnesota-Duluth,University of Minnesota Duluth,MN,11184,0,0,1,0,1,1,11,0,1,15,
174358001,Minnesota State University-Moorhead,Main Campus,MN,7494,0,0,3,0,0,0,13,3,2,21,
174358002,Minnesota State University-Moorhead,Regional Science Center,MN,7494,0,0,0,0,0,0,0,0,0,0,
174376001,North Hennepin Community College,Main Campus,MN,6448,0,0,0,0,0,0,4,0,1,5,
174738001,Rochester Community and Technical College,University Center Rochester,MN,5898,0,0,0,0,0,0,2,1,0,3,
174783001,Saint Cloud State University,Main Campus,MN,16940,0,0,6,0,2,1,29,2,2,42,
174817001,Saint Mary's University of Minnesota,Main Campus SAINT MARY'S UNIVERSITY OF MINNESOTA,MN,5981,0,0,0,0,0,0,0,0,0,0,
174817002,Saint Mary's University of Minnesota,Twin Cities Campus,MN,5981,0,0,0,0,0,0,0,0,0,0,
174914001,University of St Thomas,St. Paul Campus (Main Campus),MN,10984,0,0,6,0,0,2,39,1,0,48,
175041001,Saint Paul College - A Community and Technical College,Main Campus,MN,4990,0,0,0,0,0,0,0,2,0,2,
175078001,Southwest Minnesota State University,Southwest Minnesota State University,MN,6073,0,0,0,0,0,3,0,0,0,3,
175272001,Winona State University,Main Campus,MN,0,0,0,5,0,0,0,3,2,0,10,
175315001,Century Community and Technical College,Main Campus,MN,8968,0,0,0,0,0,0,1,1,0,2,
176965001,University of Central Missouri,Main Campus,MO,10918,0,0,3,0,2,3,19,0,1,28,
177065001,Columbia College,Columbia College (Main Campus) @ Columbia,MO,32,0,0,0,0,0,0,1,0,0,1,
177472001,Ozarks Technical Community College,OZARKS TECHNICAL COMMUNITY COLLEGE,MO,10250,0,0,0,0,0,0,0,2,0,2,
177968001,Lindenwood University,Main Campus,MO,9633,0,0,0,0,0,0,19,0,0,19,
177995001,Metropolitan Community College-Longview,Main Campus,MO,5539,0,0,0,0,0,0,3,1,0,4,
178059001,Maryville University of Saint Louis,Maryville University of Saint Louis,MO,3422,0,0,0,0,1,0,2,0,0,3,
178244001,Missouri Baptist University,Main Campus,MO,4598,0,0,0,0,0,1,2,0,0,3,
178341001,Missouri Southern State University,Main Campus,MO,5593,0,0,1,0,0,0,9,1,0,11,
178387001,Missouri Western State University,Main Campus,MO,5342,0,0,0,0,0,0,41,0,0,41,
178396001,University of Missouri-Columbia,Main Campus,MO,28405,0,0,3,0,2,5,25,0,3,38,
178402001,University of Missouri-Kansas City,Main Campus,MO,14442,0,0,0,1,0,2,20,4,0,27,
178402002,University of Missouri-Kansas City,Health Sciences Complex,MO,14442,0,0,0,0,0,0,5,1,0,6,
178411001,Missouri University of Science and Technology,MO S&T Main Campus,MO,6166,0,0,0,0,0,1,11,0,0,12,
178420001,University of Missouri-St Louis,Main Campus,MO,15527,0,0,1,0,2,6,21,2,0,32,
178615001,Truman State University,Main Campus,MO,5920,0,0,1,0,0,0,9,2,1,13,
178624001,Northwest Missouri State University,Northwest Missouri State University,MO,6511,0,0,3,0,1,1,45,2,1,53,
179159001,Saint Louis University-Main Campus,Main Campus,MO,15539,0,0,3,0,0,1,15,7,0,26,
179308001,Saint Louis Community College-Forest Park,FOREST PARK,MO,7230,0,0,0,0,1,1,0,0,0,2,
179308002,Saint Louis Community College-Forest Park,HARRISON CENTER,MO,7230,0,0,0,0,0,0,0,0,0,0,
179557001,Southeast Missouri State University,Southeast Missouri State University,MO,10624,0,0,1,0,0,2,28,0,0,31,
179566001,Missouri State University,Main Campus,MO,19348,0,0,1,0,0,0,49,5,0,55,
179867001,Washington University in St Louis,Danforth Campus,MO,13382,0,0,4,0,1,0,12,1,1,19,
179867002,Washington University in St Louis,Medical School Campus,MO,13382,0,0,0,0,2,4,12,4,0,22,
179894001,Webster University,Webster University St. Louis-Main Campus,MO,19398,0,0,0,0,1,0,23,1,0,25,
262031001,St Charles Community College,ST CHARLES COMMUNITY COLLEGE,MO,6933,0,0,0,0,0,0,0,0,0,0,
175786001,Hinds Community College,Hinds Community College-Main Campus-Raymond,MS,9941,0,0,1,0,0,0,30,0,0,31,
175786005,Hinds Community College,Hinds Community College-Utica Campus,MS,9941,0,0,0,0,0,1,5,0,0,6,
175810001,Holmes Community College,Main Campus,MS,5107,0,0,0,0,0,5,8,1,0,14,
175829001,Itawamba Community College,Itawamba Community College - Fulton,MS,5871,0,0,0,0,0,0,4,0,0,4,
175856001,Jackson State University,Main Campus,MS,0,0,0,1,0,2,0,17,6,2,28,
176017001,University of Mississippi Main Campus,Main Campus,MS,15129,0,0,0,0,0,0,10,1,0,11,
176071001,Mississippi Gulf Coast Community College,Perkinston Campus,MS,8860,0,0,0,0,0,0,12,0,0,12,
176071002,Mississippi Gulf Coast Community College,Jefferson Davis Campus,MS,8860,0,0,0,0,0,0,1,0,0,1,
176071003,Mississippi Gulf Coast Community College,Jackson County Campus,MS,8860,0,0,0,0,0,0,0,0,0,0,
176080001,Mississippi State University,Main Campus,MS,17039,0,0,1,0,0,4,11,5,0,21,
176178001,Northwest Mississippi Community College,Senatobia Campus,MS,7097,0,0,1,0,27,2,27,1,0,58,
176372001,University of Southern Mississippi,Main Campus,MS,14592,0,0,3,0,0,1,28,4,0,36,
180461001,Montana State University,Main Campus,MT,11932,0,0,11,1,0,1,6,1,6,26,
180489001,The University of Montana,Main Campus,MT,13628,0,0,0,0,0,0,2,0,1,3,
197869001,Appalachian State University,Main Campus,NC,15871,0,0,2,0,1,1,24,1,3,32,
197887001,Asheville-Buncombe Technical Community College,Asheville Campus,NC,0,0,0,1,0,0,0,10,0,0,11,
198136001,Campbell University Inc,Main Campus,NC,6208,0,0,1,0,0,7,15,0,0,23,
198154001,Cape Fear Community College,Downtown Campus,NC,7570,0,0,0,0,0,0,1,0,0,1,
198260001,Central Piedmont Community College,Main Campus,NC,0,0,0,0,0,2,13,4,7,0,26,
198419001,Duke University,Main Campus,NC,13598,0,0,5,0,2,1,63,11,0,82,
198455001,Durham Technical Community College,Main Campus,NC,5170,0,0,0,0,0,0,11,1,0,12,
198464001,East Carolina University,East Carolina University,NC,25990,0,0,1,0,5,6,44,3,0,59,
198464002,East Carolina University,East Carolina University Brody School of Medicine,NC,25990,0,0,0,0,0,1,3,0,0,4,
198516001,Elon University,Elon University,NC,5456,0,0,1,0,1,1,25,0,1,29,
198534001,Fayetteville Technical Community College,Fayetteville Technical Community College,NC,9063,0,0,0,0,0,1,0,0,0,1,
198543001,Fayetteville State University,Main Campus,NC,6692,0,0,2,0,2,0,7,7,0,18,
198552001,Forsyth Technical Community College,Main Campus,NC,0,0,0,0,0,0,2,3,0,0,5,
198570001,Gaston College,Main Campus,NC,5718,0,0,0,0,0,0,0,0,0,0,
198622001,Guilford Technical Community College,Main Campus,NC,10571,0,0,0,0,2,3,0,2,0,7,
199102001,North Carolina A & T State University,North Carolina A&T State University,NC,10498,0,0,1,0,10,12,54,4,2,83,
199120001,University of North Carolina at Chapel Hill,The University of North Carolina at Chapel Hill,NC,28136,0,0,7,0,1,0,12,7,1,28,
199139001,University of North Carolina at Charlotte,Main Campus,NC,22388,0,0,1,0,4,2,21,22,0,50,
199148001,University of North Carolina at Greensboro,Main Campus,NC,18627,0,0,0,0,2,2,41,4,1,50,
199157001,North Carolina Central University,North Carolina Central University,NC,8383,0,0,2,0,4,10,39,8,0,63,
199193001,North Carolina State University at Raleigh,Main Campus,NC,31802,0,0,6,0,8,6,57,9,1,87,
199218001,University of North Carolina-Wilmington,Main Campus,NC,12180,0,0,2,0,0,0,22,9,1,34,
199281001,University of North Carolina at Pembroke,Main Campus,NC,5937,0,0,0,0,1,0,6,1,0,8,
199847001,Wake Forest University,Main Campus,NC,6788,0,0,4,0,0,0,86,0,1,91,
199847002,Wake Forest University,Bowman Gray Campus,NC,6788,0,0,1,0,2,1,3,2,0,9,
199856001,Wake Technical Community College,Main Campus,NC,8893,0,0,0,0,0,0,3,1,0,4,
199856002,Wake Technical Community College,Wake Technical Community College Heath Science Campus,NC,8893,0,0,0,0,0,0,0,0,0,0,
199999001,Winston-Salem State University,Main Campus,NC,5870,0,0,1,0,3,4,12,2,0,22,
200004001,Western Carolina University,Main Campus,NC,9056,0,0,1,0,0,1,33,2,1,38,
200280001,University of North Dakota,Main Campus,ND,12559,0,0,2,0,0,0,4,2,0,8,
200332001,North Dakota State University-Main Campus,Main Campus,ND,12527,0,0,1,1,0,0,13,3,0,18,
180814001,Bellevue University,Main Campus,NE,7792,0,0,0,0,0,0,1,0,0,1,
181002001,Creighton University,Main Campus,NE,6992,0,0,1,0,1,1,11,2,0,16,
181215001,University of Nebraska at Kearney,University of Nebraska at Kearney,NE,6478,0,0,1,0,0,0,14,0,0,15,
181303001,Metropolitan Community College Area,Main Campus,NE,14804,0,0,0,0,0,0,1,2,0,3,
181303002,Metropolitan Community College Area,South Omaha Campus,NE,14804,0,0,0,0,0,0,0,2,0,2,
181394001,University of Nebraska at Omaha,Main Campus,NE,14156,0,0,2,0,0,0,1,8,0,11,
181464001,University of Nebraska-Lincoln,Main Campus,NE,22973,0,0,0,0,0,0,15,5,1,21,
181491001,Northeast Community College,Northeast Community College,NE,5149,0,0,0,0,1,0,1,0,0,2,
181640001,Southeast Community College Area,Southeast Community College-Lincoln,NE,9603,0,0,0,0,0,3,0,1,0,4,
181640002,Southeast Community College Area,Southeast Community College-Milford,NE,9603,0,0,0,0,0,0,0,0,0,0,
182670001,Dartmouth College,Main Campus,NH,5849,0,0,18,0,0,0,42,1,0,61,
183026001,Southern New Hampshire University,Main Campus,NH,6439,0,0,3,0,0,0,1,0,1,5,
183044001,University of New Hampshire-Main Campus,Main Campus,NH,15005,0,0,8,0,0,0,18,0,2,28,
183655001,Atlantic Cape Community College,Main Campus,NJ,6922,0,0,0,0,0,0,1,0,0,1,
183655003,Atlantic Cape Community College,Cape May County Campus,NJ,6922,0,0,0,0,0,0,0,0,0,0,
183743001,Bergen Community College,Main Campus,NJ,15057,0,0,1,0,0,1,2,0,0,4,
183804001,Beth Medrash Govoha,Main Campus,NJ,5205,0,0,0,0,0,0,0,0,0,0,
183859001,Brookdale Community College,Main Campus,NJ,14025,0,0,0,0,1,1,1,0,0,3,
183938001,Camden County College,Blackwood Campus,NJ,14741,0,0,0,0,0,0,6,0,0,6,
184481001,Essex County College,Main Campus,NJ,10995,0,0,4,0,0,0,5,1,0,10,
184603001,Fairleigh Dickinson University-Metropolitan Campus,Metropolitan,NJ,8658,0,0,0,0,0,0,6,0,0,6,
184782001,Rowan University,Main Campus,NJ,10091,1,0,1,0,2,3,15,0,1,23,
185129001,New Jersey City University,Main Campus,NJ,8437,0,0,0,0,0,1,0,0,0,1,
185262001,Kean University,Main Campus,NJ,13394,0,0,2,0,0,4,17,2,0,25,
185509002,Mercer County Community College,James Kerney Campus,NJ,9094,0,0,0,0,0,0,0,0,0,0,
185536001,Middlesex County College,Main Campus,NJ,12097,0,0,0,0,0,0,0,0,0,0,
185572001,Monmouth University,Monmouth University,NJ,6494,0,0,2,0,0,1,8,1,2,14,
185590001,Montclair State University,Main Campus,NJ,16736,0,0,5,0,1,2,41,3,0,52,
185828001,New Jersey Institute of Technology,Main Campus,NJ,8288,0,0,0,0,1,6,3,2,0,12,
186034001,Passaic County Community College,Main Campus,NJ,7493,0,0,0,0,0,0,2,2,0,4,
186131001,Princeton University,Main Campus,NJ,7261,0,0,14,0,0,6,57,3,2,82,
186201001,Ramapo College of New Jersey,Main Campus,NJ,5702,0,0,5,0,0,0,11,2,8,26,
186283001,Rider University,Main Campus,NJ,5963,0,0,6,0,0,3,30,0,0,39,
186283002,Rider University,Westminster Choir College of Rider University,NJ,5963,0,0,2,0,0,0,4,0,0,6,
186371001,Rutgers University-Camden,Rutgers University-Camden Division,NJ,5159,0,0,1,0,1,0,15,5,0,22,
186380001,Rutgers University-New Brunswick,Main Campus,NJ,34804,0,0,4,0,4,4,97,3,5,117,
186399001,Rutgers University-Newark,Rutgers University - Newark,NJ,10553,0,0,3,0,3,0,6,1,1,14,
186584001,Seton Hall University,Main Campus,NJ,9574,0,0,2,0,0,1,22,4,0,29,
186584002,Seton Hall University,Seton Hall Law School,NJ,9574,0,0,0,0,0,0,1,0,0,1,
186645001,Raritan Valley Community College,Raritan Valley Community College,NJ,6629,0,0,0,0,0,0,1,1,0,2,
186867001,Stevens Institute of Technology,Main Campus,NJ,5241,0,0,1,0,1,0,3,1,0,6,
186876001,The Richard Stockton College of New Jersey,Main Campus,NJ,7355,0,0,1,0,0,3,11,2,1,18,
187134001,The College of New Jersey,Main Campus,NJ,6964,0,0,3,0,0,1,20,1,0,25,
187444001,William Paterson University of New Jersey,Main Campus,NJ,10443,0,0,3,0,2,1,24,1,0,31,
187532001,Central New Mexico Community College,Main Campus,NM,22759,0,0,0,0,0,3,0,10,0,13,
187532003,Central New Mexico Community College,Joseph M. Montoya Campus,NM,22759,0,0,0,0,0,0,0,1,0,1,
187620001,New Mexico State University-Dona Ana,Main Campus,NM,7803,0,0,6,0,0,6,92,19,1,124,
187648001,Eastern New Mexico University-Main Campus,Main Campus,NM,4173,0,0,1,0,0,0,7,0,0,8,
187985001,University of New Mexico-Main Campus,Main Campus,NM,0,0,0,3,0,2,14,52,67,5,143,
188030001,New Mexico State University-Main Campus,Main Campus,NM,16722,0,0,6,0,0,6,92,19,1,124,
188100001,San Juan College,Main Campus,NM,6991,0,0,1,0,0,0,1,0,0,2,
188137001,Santa Fe Community College,Main Campus,NM,3963,0,0,0,0,0,0,0,7,0,7,
182005001,College of Southern Nevada,Main Campus,NV,0,0,0,0,0,0,0,6,19,1,26,
182281001,University of Nevada-Las Vegas,University of Nevada-Las Vegas,NV,27960,0,0,2,0,1,3,57,49,2,114,
182281002,University of Nevada-Las Vegas,Shadow Lane Campus,NV,27960,0,0,0,0,0,0,0,2,0,2,
182290001,University of Nevada-Reno,Main Campus,NV,0,0,0,1,0,1,2,16,3,0,23,
188429001,Adelphi University,Main Campus,NY,8308,0,0,1,0,0,0,11,3,0,15,
189547001,Broome Community College,Main Campus,NY,6558,0,0,0,0,0,0,2,0,0,2,
190150001,Columbia University in the City of New York,Morningside Campus,NY,22655,0,0,8,0,1,9,112,0,0,130,
190150002,Columbia University in the City of New York,Columbia University Medical Center,NY,22655,0,0,0,0,0,6,38,0,0,44,
190415001,Cornell University,Main Campus,NY,19800,0,0,0,0,1,1,36,3,2,43,
190512001,CUNY Bernard M Baruch College,Main Campus,NY,0,0,0,0,0,0,0,0,0,0,0,
190521001,CUNY Borough of Manhattan Community College,Borough of Manhattan Community College,NY,0,0,0,0,0,0,0,0,0,0,0,
190530001,CUNY Bronx Community College,Main Campus,NY,0,0,0,0,0,1,5,4,0,1,11,
190549001,CUNY Brooklyn College,Main Campus,NY,0,0,0,0,0,0,0,3,0,0,3,
190558001,CUNY College of Staten Island,Main Campus,NY,0,0,0,0,0,0,0,7,0,0,7,
190567001,CUNY City College,The City College of New York,NY,0,0,0,2,0,10,1,16,1,0,30,
190585001,CUNY Hostos Community College,Main Campus,NY,0,0,0,1,0,0,0,12,0,0,13,
190594001,CUNY Hunter College,Main Campus,NY,0,0,0,1,0,0,0,2,0,0,3,
190594004,CUNY Hunter College,Brookdale,NY,0,0,0,0,0,1,0,1,0,0,2,
190600001,CUNY John Jay College Criminal Justice,John Jay College of Criminal Justice,NY,0,0,0,0,0,0,0,1,0,0,1,
190619001,CUNY Kingsborough Community College,Kingsborough Community College,NY,0,0,0,0,0,0,1,0,0,1,2,
190628001,CUNY LaGuardia Community College,LaGuardia Community College,NY,0,0,0,0,0,2,0,6,0,0,8,
190637001,CUNY Lehman College,Herbert H. Lehman College,NY,0,0,0,0,0,0,0,2,0,0,2,
190646001,CUNY Medgar Evers College,MEDGAR EVERS COLLEGE,NY,0,0,0,0,0,2,8,1,0,0,11,
190655001,CUNY New York City College of Technology,Main Campus,NY,0,0,0,0,0,1,0,1,0,0,2,
190664001,CUNY Queens College,Main Campus,NY,0,0,0,0,0,1,0,0,1,0,2,
190691001,CUNY York College,YORK COLLEGE,NY,0,0,0,0,0,0,0,4,0,0,4,
190840001,Dutchess Community College,Main Campus,NY,8248,0,0,0,0,0,0,0,0,0,0,
191083001,Erie Community College,Main Campus,NY,13053,0,0,1,0,0,0,0,0,0,1,
191126001,Fashion Institute of Technology,FASHION INSTITUTE OF TECHNOLOGY,NY,9938,0,0,0,0,0,0,0,0,0,0,
191199001,Finger Lakes Community College,Main Campus,NY,5351,0,0,0,0,0,3,3,0,0,6,
191241001,Fordham University,Main Campus,NY,14448,0,0,0,0,0,1,35,1,1,38,
191241002,Fordham University,FORDHAM UNI-LINCOLN CENTER CAMPUS,NY,14448,0,0,0,0,0,0,7,0,0,7,
191339001,Genesee Community College,Batavia Campus,NY,6472,0,0,0,0,0,0,0,0,0,0,
191649001,Hofstra University,Main Campus,NY,12490,0,0,0,0,0,3,46,5,1,55,
191719001,Hudson Valley Community College,Main Campus,NY,12296,0,0,0,0,0,0,0,0,0,0,
191968001,Ithaca College,Main Campus,NY,6660,0,0,3,0,0,0,30,0,2,35,
191986001,Jamestown Community College,Jamestown Campus,NY,3361,0,0,0,0,0,0,11,1,0,12,
192439001,Long Island University-Brooklyn Campus,Main Campus,NY,8174,0,0,0,0,0,0,2,0,0,2,
192448001,Long Island University-C W Post Campus,C. W. Post Campus,NY,8361,0,0,2,0,0,0,6,1,0,9,
192819001,Marist College,Main Campus,NY,5727,0,0,2,0,2,1,21,0,0,26,
193016001,Mercy College-Main Campus,Mercy College - Dobbs Ferry Campus,NY,8628,0,0,0,0,0,0,0,0,0,0,
193016005,Mercy College-Main Campus,Mercy College - NYC Campus,NY,8628,0,0,0,0,0,0,0,0,0,0,
193283001,Mohawk Valley Community College-Utica Branch,Main Campus,NY,6044,0,0,0,0,2,0,23,0,0,25,
193308001,Monroe College-Main Campus,Bronx Campus,NY,4677,0,0,0,0,0,0,0,0,0,0,
193326001,Monroe Community College,Brighton,NY,17482,0,0,2,0,0,0,4,0,0,6,
193478001,Nassau Community College,Main Campus,NY,21483,0,0,1,0,3,0,9,7,1,21,
193654001,The New School,Main Campus,NY,9659,0,0,0,0,1,0,2,0,0,3,
193900001,New York University,NYU Main Campus,NY,41783,1,0,0,0,0,0,48,0,0,49,
193900002,New York University,NYU Medical Center/School of Medicine,NY,41783,0,0,0,0,0,0,3,0,0,3,
193946001,Niagara County Community College,Main Campus,NY,6331,0,0,0,0,0,0,3,0,0,3,
194091001,New York Institute of Technology-Old Westbury,Main Campus,NY,0,0,0,0,0,0,0,0,0,0,0,
194222001,Onondaga Community College,Main Campus,NY,10637,0,0,6,0,0,3,2,1,0,12,
194310001,Pace University-New York,Pace University,NY,12912,0,0,0,0,0,0,0,0,0,0,
194310003,Pace University-New York,Pleasantville/Briarcliff,NY,12912,0,0,0,0,0,0,0,0,0,0,
194824001,Rensselaer Polytechnic Institute,Rensselaer Polytechnic Institute,NY,0,0,0,1,0,2,1,3,1,0,8,
195003001,Rochester Institute of Technology,Main Campus,NY,14849,0,0,10,0,1,1,24,3,2,41,
195030001,University of Rochester,Main Campus,NY,0,0,0,16,0,4,1,28,6,3,58,
195809001,St. John's University-New York,Main Campus,NY,20085,0,0,2,0,0,0,32,1,0,35,
195809002,St. John's University-New York,STATEN ISLAND,NY,20085,0,0,0,0,0,0,1,0,0,1,
195809003,St. John's University-New York,OAKDALE,NY,20085,0,0,0,0,0,0,1,0,1,2,
196042001,Farmingdale State College,Main Campus,NY,6447,0,0,1,0,0,0,0,1,0,2,
196060001,SUNY at Albany,Main Campus,NY,17684,0,0,4,0,1,0,38,0,7,50,
196079001,SUNY at Binghamton,Main Campus,NY,14435,0,0,1,0,0,2,11,1,4,19,
196088001,SUNY at Buffalo,Main Campus,NY,28054,0,0,1,0,2,2,123,4,2,134,
196097001,Stony Brook University,Stony Brook University,NY,23347,0,0,5,0,3,2,212,9,6,237,
196121001,SUNY College at Brockport,Main Campus,NY,8303,0,0,2,0,2,1,27,1,0,33,
196130001,SUNY College at Buffalo,Buffalo State College,NY,10993,0,0,8,0,4,4,33,3,0,52,
196149001,SUNY College at Cortland,Main Campus,NY,7056,0,0,2,0,0,0,30,0,0,32,
196158001,SUNY at Fredonia,Main Campus,NY,5450,0,0,0,0,0,3,12,1,1,17,
196167001,SUNY at Geneseo,Main Campus,NY,5548,0,0,0,0,0,1,16,0,2,19,
196176001,SUNY College at New Paltz,Main Campus,NY,7690,0,0,6,0,0,3,13,0,3,25,
196185001,SUNY College at Oneonta,Main Campus,NY,5893,0,0,3,0,0,4,21,0,0,28,
196194001,SUNY College at Oswego,Main Campus,NY,8660,0,0,3,0,0,2,19,1,0,25,
196246001,SUNY College at Plattsburgh,Main Campus,NY,6259,0,0,3,0,0,0,21,0,0,24,
196413001,Syracuse University,Main Campus,NY,19084,0,0,15,0,2,2,77,2,2,100,
196468001,Teachers College at Columbia University,Main Campus,NY,4996,0,0,0,0,0,0,12,0,0,12,
196565001,Tompkins-Cortland Community College,Main Campus,NY,3213,0,0,0,0,0,0,9,0,0,9,
197294001,SUNY Westchester Community College,Main Campus,NY,12073,0,0,0,0,0,0,0,0,0,0,
197708001,Yeshiva University,Wilf Campus,NY,6358,0,0,0,0,0,0,19,0,0,19,
197708002,Yeshiva University,BEREN CAMPUS,NY,6358,0,0,0,0,0,0,24,0,0,24,
197708003,Yeshiva University,BROOKDALE CENTER,NY,6358,0,0,0,0,0,0,0,0,0,0,
197708004,Yeshiva University,RESNICK CAMPUS,NY,6358,0,0,0,0,0,0,0,0,0,0,
200800001,University of Akron Main Campus,Main Campus,OH,23007,0,0,9,0,3,1,12,10,1,36,
201104001,Ashland University,Ashland University,OH,6493,0,0,1,0,0,0,17,0,0,18,
201441001,Bowling Green State University-Main Campus,Main Campus,OH,18619,0,0,9,0,1,2,53,2,4,71,
201645001,Case Western Reserve University,Main Campus,OH,9844,0,0,4,0,8,0,20,8,0,40,
201885001,University of Cincinnati-Main Campus,Main Campus,OH,29319,0,0,16,0,6,0,40,3,1,66,
201928001,Cincinnati State Technical and Community College,Main Campus,OH,8507,0,0,0,0,0,0,0,0,0,0,
201955001,University of Cincinnati-Raymond Walters College,Main Campus,OH,4257,0,0,0,0,0,0,2,0,0,2,
201973001,Clark State Community College,Main Campus,OH,3383,0,0,0,0,0,0,11,0,0,11,
202134001,Cleveland State University,Cleveland State University,OH,0,0,0,3,0,7,0,5,19,0,34,
202222001,Columbus State Community College,Columbus State Community College,OH,23057,0,0,0,0,1,0,1,4,0,6,
202356001,Cuyahoga Community College District,Metropolitan Campus,OH,24563,0,0,0,0,2,1,2,1,0,6,
202480001,University of Dayton,Main Campus,OH,10395,0,0,5,0,1,1,63,4,2,76,
202763001,The University of Findlay,Main Campus,OH,5388,0,0,1,0,0,1,23,1,0,26,
202806001,Franklin University,Main Campus,OH,7559,0,0,0,0,0,0,0,0,0,0,
203517001,Kent State University-Kent Campus,Main Campus,OH,0,0,0,1,0,0,0,31,2,0,34,
203748001,Lorain County Community College,Lorain County Community College,OH,0,0,0,0,0,0,0,0,1,0,1,
204024001,Miami University-Oxford,Miami University-Oxford (204024),OH,15968,0,0,6,0,1,6,30,0,0,43,
204796001,Ohio State University-Main Campus,Main Campus,OH,52568,0,0,65,1,11,0,212,17,17,323,
204857001,Ohio University-Main Campus,Ohio University - Main Campus,OH,21089,0,0,11,0,2,0,44,1,2,60,
204945001,Owens Community College,Main Campus,OH,19853,0,0,0,0,0,0,0,0,0,0,
205470001,Sinclair Community College,Downtown Campus,OH,18692,0,0,0,0,0,0,6,1,0,7,
206084001,University of Toledo-Main Campus,Main Campus,OH,19767,0,0,1,0,5,3,99,8,0,116,
206604001,Wright State University-Main Campus,Main Campus,OH,16151,0,0,9,0,3,2,39,12,0,65,
206622001,Xavier University,Main Campus,OH,6646,0,0,4,0,2,0,6,2,4,18,
206695001,Youngstown State University,Main Campus,OH,0,0,0,1,0,3,0,14,5,0,23,
206914001,Cameron University,Cameron University,OK,5723,0,0,0,0,0,0,1,2,0,3,
206941001,University of Central Oklahoma,Main Campus,OK,15495,0,0,1,0,0,2,10,1,6,20,
207263001,Northeastern State University,Main Campus,OK,0,0,0,3,0,3,2,12,0,0,20,
207388001,Oklahoma State University-Main Campus,Oklahoma State University - Stillwater,OK,0,0,0,2,0,0,5,31,3,1,42,
207388002,Oklahoma State University-Main Campus,Oklahoma State University - Tulsa,OK,0,0,0,0,0,0,0,6,12,0,18,
207449001,Oklahoma City Community College,Main Campus,OK,0,0,0,1,0,0,2,9,3,0,15,
207500001,University of Oklahoma Norman Campus,Main Campus,OK,0,0,0,4,0,0,0,36,11,0,51,
207670001,Rose State College,Rose State College,OK,0,0,0,0,0,0,0,0,1,0,1,
207935001,Tulsa Community College,Metro Campus,OK,16881,0,0,0,0,0,2,9,13,0,24,
208318001,Central Oregon Community College,Main Campus,OR,4440,0,0,0,0,0,0,6,0,0,6,
208390001,Chemeketa Community College,Main Campus,OR,7255,0,0,0,0,0,0,0,5,0,5,
208406001,Clackamas Community College,Main Campus,OR,0,0,0,0,0,1,0,4,4,0,9,
208488001,Concordia University,Main Campus,OR,1642,0,0,0,0,0,0,0,0,0,0,
209038001,Lane Community College,Main Campus,OR,9312,0,0,0,0,0,0,6,2,0,8,
209074001,Linn-Benton Community College,LBCC Main Campus,OR,5290,0,0,0,0,0,0,1,0,0,1,
209074005,Linn-Benton Community College,Lebanon Center,OR,5290,0,0,0,0,0,0,0,0,0,0,
209250001,Mt Hood Community College,Main Campus,OR,7588,0,0,1,0,0,1,0,22,0,24,
209542001,Oregon State University,Main Campus,OR,19738,0,0,3,0,1,1,30,2,0,37,
209551001,University of Oregon,Main Campus,OR,20332,0,0,3,0,2,5,33,2,1,46,
209746001,Portland Community College,Sylvania Campus,OR,24353,0,0,0,0,2,0,0,2,0,4,
209746002,Portland Community College,Rock Creek Campus,OR,24353,0,0,0,0,0,0,0,0,0,0,
209746003,Portland Community College,Cascade Campus,OR,24353,0,0,0,0,0,0,0,4,0,4,
209746005,Portland Community College,Southeast Center,OR,24353,0,0,0,0,0,0,0,1,0,1,
209807001,Portland State University,Portland State University,OR,24963,0,0,2,0,3,5,25,23,4,62,
209940005,Rogue Community College,Riverside Center,OR,4398,0,0,0,0,0,0,2,0,0,2,
210146001,Southern Oregon University,Ashland Campus,OR,4832,0,0,1,0,0,0,14,0,4,19,
210429001,Western Oregon University,Main Campus,OR,5032,0,0,2,0,0,0,2,1,0,5,
210605001,Community College of Allegheny County,Allegheny Campus,PA,18525,0,0,0,0,3,1,10,1,0,15,
210605004,Community College of Allegheny County,South Campus,PA,18525,0,0,0,0,0,0,0,1,0,1,
211158001,Bloomsburg University of Pennsylvania,Main Campus,PA,8745,0,0,2,0,2,2,32,2,0,40,
211307001,Bucks County Community College,Main Campus,PA,9649,0,0,0,0,0,0,2,0,0,2,
211361001,California University of Pennsylvania,Main Campus,PA,8206,0,0,3,0,1,1,4,0,0,9,
211440001,Carnegie Mellon University,Main Campus,PA,0,0,0,4,0,0,0,34,1,0,39,
211644001,Clarion University of Pennsylvania,Main Campus,PA,6795,0,0,0,0,0,0,5,0,0,5,
211927001,Delaware County Community College,Main Campus,PA,10816,0,0,0,0,0,0,0,0,0,0,
212054001,Drexel University,University City Main Campus,PA,0,0,0,2,0,1,3,25,0,0,31,
212054004,Drexel University,Queen Lane Medical Campus,PA,0,0,0,0,0,0,0,0,0,0,0,
212106001,Duquesne University,Main Campus,PA,10296,0,0,0,0,0,1,17,0,0,18,
212115001,East Stroudsburg University of Pennsylvania,Main Campus,PA,7053,0,0,2,0,0,0,44,0,2,48,
212160001,Edinboro University of Pennsylvania,Main Campus,PA,7686,0,0,1,0,0,0,30,2,0,33,
213020001,Indiana University of Pennsylvania-Main Campus,Main Campus,PA,14018,0,0,3,0,1,0,31,1,0,36,
213020002,Indiana University of Pennsylvania-Main Campus,Punxsutawney Campus,PA,14018,0,0,0,0,0,0,7,0,0,7,
213349001,Kutztown University of Pennsylvania,Main Campus,PA,10295,0,0,5,0,2,10,51,0,0,68,
213367001,La Salle University,LA SALLE UNIVERSITY,PA,5994,0,0,3,0,3,1,20,0,0,27,
213543001,Lehigh University,Main Campus,PA,0,0,0,0,0,1,2,6,2,2,13,
214041001,Millersville University of Pennsylvania,Main Campus,PA,8306,0,0,4,0,0,4,25,0,0,33,
214111001,Montgomery County Community College-Central Campus,Main Campus,PA,0,0,0,0,0,0,1,0,0,0,1,
214379001,Northampton County Area Community College,Main Campus,PA,7912,0,0,3,0,0,1,0,0,0,4,
214777001,Pennsylvania State University-Main Campus,University Park Campus,PA,43252,0,0,8,0,3,3,112,4,7,137,
215062001,University of Pennsylvania,Main Campus,PA,0,0,0,12,0,13,3,45,2,0,75,
215239001,Community College of Philadelphia,Spring Garden Street (Main) Campus,PA,0,0,0,0,0,0,0,0,0,0,0,
215293001,University of Pittsburgh-Pittsburgh Campus,Main Campus,PA,27020,0,0,4,0,3,3,26,0,0,36,
215655001,Robert Morris University,Main Campus,PA,5055,0,0,1,0,0,0,12,0,0,13,
215770001,Saint Joseph's University,Main Campus,PA,0,0,0,4,0,2,2,5,0,0,13,
215929001,University of Scranton,The University of Scranton,PA,5612,0,0,3,0,0,0,2,0,1,6,
216010001,Shippensburg University of Pennsylvania,Main Campus,PA,7765,0,0,4,0,0,0,35,0,2,41,
216038001,Slippery Rock University of Pennsylvania,Main Campus,PA,8325,0,0,2,0,0,0,1,0,0,3,
216339001,Temple University,Main Campus,PA,34696,0,0,5,0,5,5,97,0,0,112,
216339002,Temple University,Ambler Campus,PA,34696,0,0,0,0,0,0,1,0,0,1,
216339003,Temple University,Health Science Campus,PA,34696,0,0,1,0,0,1,30,0,0,32,
216597001,Villanova University,Main Campus,PA,0,0,0,7,0,1,1,24,3,3,39,
216764001,West Chester University of Pennsylvania,Main Campus,PA,13219,0,0,4,0,0,1,51,1,3,60,
217059001,York College Pennsylvania,Main Campus,PA,5720,0,0,3,0,2,0,10,0,1,16,
366252001,Pennsylvania College of Technology,Main Campus,PA,6682,0,0,1,0,0,1,8,0,2,12,
217156001,Brown University,Main Campus,RI,8167,0,0,9,0,2,1,54,2,0,68,
217235001,Johnson & Wales University,Main Campus,RI,10105,0,0,3,0,0,2,6,6,0,17,
217420001,Rhode Island College,Rhode Island College,RI,9042,0,0,0,0,0,0,4,4,0,8,
217475001,Community College of Rhode Island,Main Campus,RI,16811,0,0,2,0,0,0,0,8,0,10,
217484001,University of Rhode Island,Main Campus,RI,15650,0,0,8,0,1,3,23,4,1,40,
217484002,University of Rhode Island,Narragansett Bay Campus,RI,15650,0,0,0,0,0,0,3,0,0,3,
217484003,University of Rhode Island,Providence Center Campus,RI,15650,0,0,0,0,0,0,0,0,0,0,
196264001,SUNY Empire State College,Main Campus -Sartoga New York,Sartoga New York,NY,12914,0,0,0,0,0,0,0,0,0,
217819001,College of Charleston,Main Campus,SC,11316,0,0,0,0,2,2,22,4,2,32,
217882001,Clemson University,Main Campus,SC,17585,0,0,4,0,1,7,33,13,1,59,
218025001,Florence-Darlington Technical College,Main Campus,SC,3956,0,0,0,0,0,0,0,0,0,0,
218113001,Greenville Technical College,Barton [Main] Campus,SC,14300,0,0,1,0,0,6,19,3,0,29,
218520001,Piedmont Technical College,Lex Walter's Campus,SC,4880,0,0,0,0,0,0,0,0,0,0,
218663001,University of South Carolina-Columbia,Main Campus,SC,27272,0,0,3,0,3,5,91,7,0,109,
218724001,Coastal Carolina University,Main Campus,SC,7872,0,0,3,0,0,15,23,0,0,41,
218742001,University of South Carolina-Upstate,University of South Carolina Upstate,SC,4916,0,0,1,0,0,3,6,1,1,12,
218742002,University of South Carolina-Upstate,University Center - Greenville,SC,4916,0,0,0,0,0,0,0,0,0,0,
218894001,Trident Technical College,Main Campus,SC,12076,0,0,1,0,1,0,3,0,0,5,
218964001,Winthrop University,Main Campus,SC,6382,0,0,0,0,1,0,4,0,0,5,
219356001,South Dakota State University,Main Campus,SD,11645,0,0,1,0,0,2,7,0,3,13,
219471001,University of South Dakota,Main Campus,SD,9243,0,0,4,0,0,0,12,1,0,17,
219602001,Austin Peay State University,Main Campus,TN,9094,0,0,3,0,1,2,2,0,1,9,
219709001,Belmont University,Main Campus,TN,4742,0,0,0,0,0,0,2,1,0,3,
219718001,Bethel College,Main Campus,TN,2155,0,0,0,0,0,1,17,0,0,18,
219824001,Chattanooga State Technical Community College,Main Campus,TN,0,0,0,0,0,0,0,0,2,0,2,
220075001,East Tennessee State University,Main Campus,TN,0,0,0,3,0,2,3,17,5,2,32,
220862001,University of Memphis,Main Campus,TN,0,1,0,5,0,1,2,32,9,1,51,
220978001,Middle Tennessee State University,Main Campus,TN,23246,0,0,4,0,2,3,73,0,2,84,
221485002,Southwest Tennessee Community College,Union Campus,TN,10617,0,0,0,0,1,0,0,1,0,2,
221643001,Pellissippi State Technical Community College,Pellissippi Campus,TN,0,0,0,0,0,0,0,0,0,0,0,
221740001,The University of Tennessee at Chattanooga,Main Campus,TN,9558,0,0,1,0,2,4,62,4,1,74,
221759001,The University of Tennessee,Main Campus,TN,29937,0,0,3,0,1,3,25,2,0,34,
221768001,The University of Tennessee-Martin,Main Campus,TN,7171,0,0,0,0,2,1,15,2,0,20,
221838001,Tennessee State University,Main Campus,TN,9065,0,0,2,0,4,8,1,3,1,19,
221847001,Tennessee Technological University,Tennessee Technological University,TN,0,0,0,0,0,1,3,12,4,0,20,
221999001,Vanderbilt University,Main Campus,TN,11847,0,0,6,0,4,14,53,5,3,85,
222053001,Volunteer State Community College,Main Campus,TN,7065,0,0,0,0,0,0,0,0,0,0,
222576001,Amarillo College,Washington Street Campus,TX,10387,0,0,0,0,0,0,5,0,1,6,
222822001,Angelina College,Main Campus - ANGELINA COLLEGE,TX,4677,0,0,0,0,0,0,0,0,0,0,
222831001,Angelo State University,Main Campus,TX,6239,0,0,1,0,0,0,5,1,0,7,
222992002,Austin Community College District,Cypress Creek,TX,0,0,0,0,0,0,0,1,0,0,1,
222992007,Austin Community College District,Riverside Campus,TX,0,0,0,0,0,0,0,1,0,0,1,
223232001,Baylor University,Main Campus,TX,14174,0,0,1,0,0,5,8,2,0,16,
223427001,Blinn College,Main Campus,TX,14589,0,0,1,0,2,1,42,3,0,49,
223524001,Brookhaven College,BROOKHAVEN COLLEGE,TX,11059,0,0,0,0,0,0,0,4,0,4,
223816001,Central Texas College,Main Campus,TX,78,0,0,0,0,0,0,0,0,0,0,
224147001,Texas A & M University-Corpus Christi,Main Campus,TX,1,0,0,0,0,0,0,17,0,0,17,
224226001,Dallas Baptist University,Main Campus,TX,5244,0,0,0,0,0,0,9,0,0,9,
224350001,Del Mar College,Del Mar College,TX,11167,0,0,0,0,0,0,2,1,0,3,
224554001,Texas A & M University-Commerce,Main Campus,TX,8813,0,0,2,0,1,5,23,0,0,31,
224572001,Eastfield College,Main Campus,TX,10653,0,0,0,0,0,1,19,1,0,21,
224615001,El Centro College,El Centro College,TX,6680,0,0,0,0,0,1,2,0,0,3,
224642001,El Paso Community College,VALLE VERDE CAMPUS,TX,0,0,0,0,0,0,0,2,5,0,7,
224642004,El Paso Community College,TRANSMOUNTAIN CAMPUS,TX,0,0,0,0,0,0,0,0,0,0,0,
224642005,El Paso Community College,NORTHWEST CAMPUS,TX,0,0,0,0,0,0,0,0,0,0,0,
224642007,El Paso Community College,ASC,TX,0,0,0,0,0,0,0,0,0,0,0,
225414001,University of Houston-Clear Lake,University of Houston Clear-Lake,TX,7522,0,0,0,0,0,0,1,0,0,1,
225423001,Houston Community College System,Central College,TX,43518,0,0,0,0,0,0,0,0,0,0,
225423002,Houston Community College System,CENTRAL CAMPUS,TX,43518,0,0,0,0,1,1,1,3,0,6,
225423005,Houston Community College System,NORTHEAST- CODWELL,TX,43518,0,0,0,0,0,0,1,3,0,4,
225423007,Houston Community College System,NORTHEAST - PINEMONT,TX,43518,0,0,0,0,0,0,0,0,0,0,
225423009,Houston Community College System,NORTHWEST - TOWN & COUNTRY,TX,43518,0,0,0,0,0,0,0,1,0,1,
225432001,University of Houston-Downtown,Main Campus,TX,11793,0,0,1,0,4,0,0,5,0,10,
225511001,University of Houston,Main Campus,TX,0,0,0,10,0,9,2,40,17,0,78,
225627001,University of the Incarnate Word,Main Campus,TX,5752,0,0,1,0,0,0,13,2,0,16,
226019001,Kilgore College,KILGORE COLLEGE,TX,5150,0,0,0,0,1,0,7,2,0,10,
226091001,Lamar University,LAMAR UNIVERSITY,TX,10213,0,0,3,0,1,9,11,1,0,25,
226152001,Texas A & M International University,Main Campus,TX,5179,0,0,1,0,0,3,14,0,0,18,
226833001,Midwestern State University,Main Campus,TX,6027,0,0,0,0,0,0,0,0,0,0,
226930001,Mountain View College,MOUNTAIN VIEW COLLEGE,TX,7009,0,0,0,0,0,2,0,18,0,20,
227146001,Navarro College,Main Campus,TX,7560,0,0,1,0,0,0,18,1,2,22,
227182002,North Harris Montgomery Community College District,North Harris College,TX,0,0,0,0,0,0,1,0,0,0,1,
227182004,North Harris Montgomery Community College District,Kingwood College,TX,0,0,0,0,0,0,0,0,0,0,0,
227182005,North Harris Montgomery Community College District,Montgomery College,TX,0,0,0,0,0,0,0,0,1,0,1,
227182006,North Harris Montgomery Community College District,Cy-Fair College,TX,0,0,0,0,0,0,0,0,0,0,0,
227216001,University of North Texas,Main Campus,TX,0,0,0,1,0,1,0,39,3,2,46,
227304001,Odessa College,Main Campus,TX,652,0,0,0,0,0,0,10,0,0,10,
227368001,The University of Texas-Pan American,University of Texas Pan American,TX,17435,0,0,0,0,0,1,3,6,0,10,
227377001,The University of Texas at Brownsville,UTB/TSC Main Campus,TX,0,0,0,0,0,0,0,1,8,0,9,
227401001,Paris Junior College,Main Campus,TX,4343,0,0,0,0,0,1,3,0,0,4,
227526001,Prairie View A & M University,Main Campus,TX,8382,0,0,1,0,0,6,98,5,1,111,
227757001,Rice University,Main Campus,TX,0,0,0,1,0,1,2,30,5,0,39,
227766001,Richland College,Main Campus,TX,15311,0,0,0,0,2,1,8,3,0,14,
227854001,St Philips College,Main Campus,TX,9256,0,0,0,0,1,0,2,3,0,6,
227881001,Sam Houston State University,Main Campus,TX,16496,0,0,0,0,0,1,3,2,0,6,
227924001,San Antonio College,Main Campus,TX,19819,0,0,0,0,1,0,1,9,0,11,
227979001,San Jacinto Community College,Main Campus,TX,23805,0,0,0,0,0,0,7,0,0,7,
227979002,San Jacinto Community College,North Houston Campus,TX,23805,0,0,0,0,0,0,5,3,0,8,
227979003,San Jacinto Community College,South Houston Campus,TX,23805,0,0,0,0,0,0,2,2,0,4,
228158001,South Plains College,Main Campus,TX,6602,0,0,0,0,0,1,12,0,0,13,
228246001,Southern Methodist University,Main Campus,TX,10829,0,0,3,0,1,2,30,8,1,45,
228431001,Stephen F Austin State University,Main Campus,TX,11607,0,0,2,0,1,2,41,4,2,52,
228459001,Texas State University-San Marcos,Main Campus,TX,28121,0,0,6,0,2,2,34,8,1,53,
228529001,Tarleton State University,Main Campus,TX,9460,0,0,1,0,0,0,21,1,0,23,
228547002,Tarrant County College District,South Campus,TX,37948,0,0,0,0,0,0,0,0,0,0,
228547003,Tarrant County College District,Northeast Campus,TX,37948,0,0,0,0,0,0,0,0,3,3,
228547004,Tarrant County College District,Northwest Campus,TX,37948,0,0,0,0,0,0,0,0,0,0,
228547005,Tarrant County College District,Southeast Campus,TX,37948,0,0,0,0,0,0,0,2,0,2,
228608001,Temple College,Main Campus,TX,4787,0,0,0,0,0,0,17,0,0,17,
228705001,Texas A & M University-Kingsville,Texas A&M University Kingsville,TX,6567,0,0,0,0,0,0,31,1,0,32,
228723001,Texas A & M University,Texas A&M University,TX,46542,0,0,7,0,4,4,48,11,1,75,
228769001,The University of Texas at Arlington,Main Campus,TX,24889,0,0,5,0,2,1,67,4,0,79,
228778001,The University of Texas at Austin,Main Campus,TX,50170,0,0,12,0,3,0,21,11,4,51,
228787001,The University of Texas at Dallas,Main Campus,TX,14556,0,0,0,0,1,7,25,2,0,35,
228796001,The University of Texas at El Paso,Main Campus,TX,20154,0,0,4,0,0,1,29,17,1,52,
228802001,The University of Texas at Tyler,Main Campus,TX,6137,0,0,1,0,0,0,8,0,0,9,
228875001,Texas Christian University,Main Campus,TX,0,0,0,2,0,0,4,12,5,0,23,
229018001,The University of Texas of the Permian Basin,Main Campus,TX,3559,0,0,0,0,1,0,4,1,0,6,
229027001,The University of Texas at San Antonio,Main Campus,TX,28533,0,0,2,0,1,2,6,6,0,17,
229027002,The University of Texas at San Antonio,Downtown Campus,TX,28533,0,0,0,0,0,0,0,2,0,2,
229063001,Texas Southern University,Main Campus,TX,9540,0,0,0,0,4,1,13,10,1,29,
229115001,Texas Tech University,Texas Tech University,TX,28260,0,0,3,0,1,2,19,3,3,31,
229179001,Texas Woman's University,Main Campus,TX,12168,0,0,0,0,0,4,4,2,0,10,
229319001,Texas State Technical College-Harlingen,Texas State Technical College Harlingen,TX,0,0,0,0,0,0,1,6,0,0,7,
229355001,Tyler Junior College,Main Campus,TX,8217,0,0,0,0,0,0,5,2,0,7,
229780001,Wayland Baptist University,Main Campus,TX,5899,0,0,0,0,0,0,2,0,0,2,
229799001,Weatherford College,Main Campus,TX,4544,0,0,0,0,0,0,5,0,0,5,
229814001,West Texas A & M University,Main Campus,TX,7502,0,0,2,0,0,1,6,1,1,11,
229841001,Wharton County Junior College,Main Campus,TX,5892,0,0,0,0,0,0,0,1,0,1,
246354001,Palo Alto College,Main Campus,TX,7662,0,0,0,0,1,0,0,2,0,3,
247834002,Collin County Community College District,Spring Creek Campus,TX,20143,0,0,0,0,0,0,4,1,0,5,
247834003,Collin County Community College District,Preston Ridge,TX,20143,0,0,0,0,0,0,2,0,0,2,
230038001,Brigham Young University,Brigham Young University (230038),UT,34174,0,0,2,0,0,0,20,2,0,24,
230171001,Dixie State College of Utah,Main Campus,UT,5598,0,0,0,0,0,0,4,0,0,4,
230603001,Southern Utah University,Main Campus,UT,7057,0,0,1,0,0,3,23,2,0,29,
230728001,Utah State University,Main Campus,UT,14893,0,0,3,0,0,0,11,0,0,14,
230737001,Utah Valley State College,Main Campus,UT,23840,0,0,0,0,0,0,6,0,0,6,
230746001,Salt Lake Community College,Taylorsville Redwood Campus,UT,0,0,0,2,0,0,0,7,3,0,12,
230746002,Salt Lake Community College,SOUTH CITY CAMPUS,UT,0,0,0,0,0,0,0,6,6,0,12,
230746006,Salt Lake Community College,LARRY H. MILLER CAMPUS,UT,0,0,0,0,0,0,0,1,1,0,2,
230764001,University of Utah,Main Campus,UT,28025,0,0,2,0,0,1,25,0,0,28,
230782001,Weber State University,Ogden Campus,UT,18081,0,0,0,0,0,1,23,2,0,26,
131469007,George Washington University,Hampton Roads Center,VA,25078,0,0,0,0,1,0,0,0,0,1,
231624001,College of William and Mary,Main Campus,VA,7795,0,0,5,0,0,0,21,1,0,27,
231651001,Regent University,Main Campus,VA,4115,0,0,0,0,0,0,0,0,0,0,
231712001,Christopher Newport University,Main Campus,VA,0,0,0,1,0,0,0,3,2,1,7,
232186001,George Mason University,Main Campus,VA,30276,0,0,12,0,1,2,9,3,4,31,
232195002,Germanna Community College,Fredericksburg Area Campus,VA,5899,0,0,0,0,0,0,0,0,0,0,
232414002,J Sargeant Reynolds Community College,Downtown Campus,VA,12557,0,0,0,0,0,0,0,0,0,0,
232423001,James Madison University,Main Campus-Harrisonburg,VA,17918,0,0,1,0,0,0,39,1,0,41,
232557001,Liberty University,Main Campus,VA,0,0,0,4,0,0,1,6,0,1,12,
232566001,Longwood University,Main Campus,VA,4727,0,0,3,0,4,0,16,0,1,24,
232937001,Norfolk State University,Norfolk State University,VA,6155,1,0,1,0,3,2,56,4,3,70,
232946001,Northern Virginia Community College,Main Campus,VA,41266,0,0,0,0,0,0,1,0,0,1,
232946002,Northern Virginia Community College,Alexandria Campus,VA,41266,0,0,0,0,0,0,1,0,0,1,
232946003,Northern Virginia Community College,Loudoun Campus,VA,41266,0,0,1,0,1,0,2,0,0,4,
232946005,Northern Virginia Community College,Woodbridge Campus,VA,41266,0,0,0,0,0,0,0,0,0,0,
232982001,Old Dominion University,Main Campus,VA,22287,0,0,3,0,2,2,21,1,0,29,
233277001,Radford University,Main Campus,VA,9122,0,0,4,0,0,1,13,0,0,18,
233754001,Thomas Nelson Community College,Main Campus,VA,9368,0,0,0,0,1,0,0,0,0,1,
233772001,Tidewater Community College,Norfolk Campus,VA,25857,0,0,0,0,0,0,3,0,0,3,
233772003,Tidewater Community College,Portsmouth Campus,VA,25857,0,0,0,0,0,1,0,0,0,1,
233772004,Tidewater Community College,Virginia Beach Campus,VA,25857,0,0,0,0,0,0,1,0,0,1,
233921001,Virginia Polytechnic Institute and State University,Virginia Polytechnic Institute and State Univ,VA,29898,32,0,3,0,1,24,54,2,2,118,
233921007,Virginia Polytechnic Institute and State University,Washington-Alexandria Center,VA,29898,0,0,0,0,0,0,0,0,0,0,
233949001,Virginia Western Community College,Main Campus,VA,8653,0,0,0,0,0,0,0,0,0,0,
234030001,Virginia Commonwealth University,Monroe Park Campus,VA,0,0,0,2,0,1,3,73,2,0,81,
234030002,Virginia Commonwealth University,MCV Campus,VA,0,0,0,3,0,1,7,60,1,0,72,
234076001,University of Virginia-Main Campus,Main Campus,VA,24257,0,1,4,0,6,7,73,4,5,100,
234155001,Virginia State University,Main Campus,VA,4720,0,0,2,0,6,3,4,3,0,18,
230861001,Community College of Vermont,Wasson Hall,VT,5608,0,0,0,0,0,0,1,0,0,1,
231174001,University of Vermont,Main Campus,VT,12239,0,0,2,0,0,0,70,0,0,72,
234669001,Bellevue Community College,Main Campus,WA,12305,0,0,1,0,0,0,2,5,0,8,
234827001,Central Washington University,Central Washington University,WA,10505,0,0,3,1,0,0,23,7,2,36,
234933001,Clark College,Main Campus,WA,9705,0,0,0,0,0,0,3,4,3,10,
235097001,Eastern Washington University,Main Campus,WA,10686,0,0,1,0,0,1,21,3,0,26,
235103001,Edmonds Community College,Main Campus,WA,8435,0,0,0,0,0,0,5,4,0,9,
235149001,Everett Community College,Everett Community College,WA,7674,0,0,0,0,0,0,2,4,0,6,
235316001,Gonzaga University,Main Campus,WA,6873,0,0,2,0,0,0,20,11,2,35,
235343001,Green River Community College,Main Campus,WA,6919,0,0,0,0,0,1,10,5,0,16,
235431001,Highline Community College,Highline Community College,WA,5859,0,0,0,0,0,5,0,6,0,11,
236072001,Seattle Community College-North Campus,Main Campus,WA,5856,0,0,0,0,1,0,16,0,0,17,
236188001,Olympic College,Main Campus,WA,6623,0,0,0,0,0,0,0,0,0,0,
236504001,Seattle Community College-South Campus,South Seattle Community College,WA,6664,0,0,0,0,0,0,1,1,0,2,
236513001,Seattle Community College-Central Campus,Main Campus,WA,6810,0,0,0,0,0,4,1,1,0,6,
236595001,Seattle University,Main Campus,WA,7529,0,0,2,0,0,0,5,11,0,18,
236610001,Shoreline Community College,Shoreline Community College,WA,5581,0,0,0,0,0,0,3,0,1,4,
236692001,Spokane Community College,Main Campus,WA,6961,0,0,1,0,0,0,1,13,0,15,
236708001,Spokane Falls Community College,Main Campus,WA,9623,0,0,0,0,0,0,1,4,0,5,
236753001,Tacoma Community College,Tacoma Community College,WA,5811,0,0,0,0,0,1,0,8,0,9,
236939001,Washington State University,Main Campus,WA,0,0,0,2,0,1,0,30,1,0,34,
236939002,Washington State University,Vancouver Campus,WA,0,0,0,0,0,0,0,3,1,0,4,
236939003,Washington State University,Spokane Campus,WA,0,0,0,0,0,0,0,2,0,0,2,
236948001,University of Washington-Seattle Campus,Main Campus,WA,40218,1,0,0,0,3,7,70,33,3,117,
237011001,Western Washington University,Main Campus,WA,14276,0,0,1,0,0,0,11,5,1,18,
238263001,Madison Area Technical College,Main Campus,WI,14647,0,0,0,0,0,0,23,1,0,24,
238263007,Madison Area Technical College,Commercial Avenue Center,WI,14647,0,0,0,0,0,0,0,0,0,0,
239105001,Marquette University,Main Campus,WI,11516,0,0,1,0,3,5,26,2,0,37,
239248001,Milwaukee Area Technical College,Milwaukee Campus,WI,17193,0,0,3,0,3,0,16,5,9,36,
239248003,Milwaukee Area Technical College,West Allis Campus,WI,17193,0,0,0,0,0,0,1,1,0,2,
240125001,Waukesha County Technical College,Main Campus,WI,7419,0,0,0,0,0,0,0,0,0,0,
240189001,University of Wisconsin-Whitewater,Main Campus,WI,10737,0,0,10,0,0,0,13,2,0,25,
240268001,University of Wisconsin-Eau Claire,Main Campus,WI,10854,0,0,0,0,0,3,1,0,0,4,
240277001,University of Wisconsin-Green Bay,Main Campus,WI,6110,0,0,4,0,0,0,1,0,1,6,
240329001,University of Wisconsin-La Crosse,Main Campus,WI,9994,0,0,0,0,0,0,3,1,3,7,
240365001,University of Wisconsin-Oshkosh,University of Wisconsin Oshkosh,WI,12772,0,0,9,0,2,1,12,0,0,24,
240417001,University of Wisconsin-Stout,Main Campus,WI,8477,0,0,2,0,0,3,5,1,0,11,
240444001,University of Wisconsin-Madison,Main Campus,WI,41563,0,0,7,1,5,9,167,17,6,212,
240453001,University of Wisconsin-Milwaukee,Main Campus,WI,29338,0,0,3,0,5,1,35,3,0,47,
240462001,University of Wisconsin-Platteville,Main Campus,WI,7189,0,0,4,0,0,3,7,0,0,14,
240471001,University of Wisconsin-River Falls,University of Wisconsin River Falls,WI,6452,0,0,1,0,0,0,4,0,3,8,
240480001,University of Wisconsin-Stevens Point,Main Campus,WI,9115,0,0,6,0,0,0,0,0,1,7,
237525001,Marshall University,Marshall University,WV,13808,0,0,0,0,0,0,8,3,1,12,
238032001,West Virginia University,Main Campus,WV,28113,0,0,4,0,5,9,35,8,0,61,
446774001,Blue Ridge Community and Technical College,Main Campus,WV,2192,0,0,0,0,0,0,0,0,0,0,
240727001,University of Wyoming,University of Wyoming,WY,12875,0,0,4,1,0,0,19,3,2,29,
